Workbook

Sheet JAN
B1: JANUARY | K1: TECH REPORTS
A2: ANNUAL AGREEMENT SIGNED? | B2: FILE # | C2: CITY | D2: SERVICE TYPE | E2: # OF HRS REQ | F2: # OF TECHS | G2: STAMP/S REQ | H2: CONTRACTOR | I2: KEYS | J2: LAST COMPLETED | K2: REPORT IN EMAIL | L2: REPAIRS NEEDED | M2: REPORT COMPLETE | N2: ANNUAL REPORT SENT | O2: ASA sent | Q2: STAMP | R2: DEFINITION
A3: FALSE | B3: #0007 | C3: Vancouver | D3: Annual | E3: 3.5 | F3: 1 | G3: EX, EM | H3: No | I3: No | J3: Jan.06/26 | K3: TRUE | L3: TRUE | M3: TRUE | N3: TRUE | O3: TRUE
A4: FALSE | B4: #0011 | C4: Richmond | D4: Annual | E4: 1.2 | F4: 1 | G4: EX, EM | H4: No | I4: No | J4: 46059 | K4: TRUE | L4: FALSE | M4: FALSE | N4: FALSE | O4: FALSE | Q4: FA | R4: Fire Alarm
A5: FALSE | B5: #0060 | C5: Vancouver | D5: Annual | E5: 12 | F5: 2 | G5: FA, EX, EM, WA | H5: Yes | I5: Yes | J5: Jan 29-30/26 | K5: TRUE | L5: TRUE | M5: TRUE | N5: TRUE | O5: TRUE | P5: Report sent to PM by CG on Jan 31 | Q5: EX | R5: Fire Extinguisher
A6: FALSE | B6: #0082 | C6: Vancouver | D6: Annual | E6: 5.5 | F6: 2 | G6: FA, EX, EM, WA, BF | H6: No | I6: Yes | J6: Jan.20/26 | K6: TRUE | L6: TRUE | M6: TRUE | N6: TRUE | O6: TRUE | Q6: EM | R6: Emergency Lights
A7: FALSE | B7: #0116 | C7: Vancouver | D7: Annual | E7: 0.5 | F7: 1 | G7: EX | H7: No | I7: No | J7: 46034 | K7: TRUE | L7: FALSE | M7: TRUE | N7: TRUE | O7: FALSE | Q7: BF | R7: Backflow
A8: FALSE | B8: #0190 | C8: Vancouver | D8: Annual | E8: 8 | F8: 2 | G8: FA, WA, EX, EM, BF | H8: Yes | I8: No | J8: CLOSED | K8: FALSE | L8: FALSE | M8: FALSE | N8: FALSE | O8: FALSE | P8: CLOSED | Q8: SM | R8: Smoke Control
A9: FALSE | B9: #0207 | C9: Vancouver | D9: Annual | E9: 1.5 | F9: 1 | G9: EX, EM, BF | H9: No | I9: No | J9: 46052 | K9: TRUE | L9: FALSE | M9: TRUE | N9: TRUE | O9: FALSE | R9: STAMPS HELD | V9: Proceedure:
A10: TRUE | B10: #0209 | C10: Vancouver | D10: Annual minus DPV | E10: 8 | F10: 3 | G10: FA, WA, EX, EM, BF | H10: Yes | I10: No | J10: Jan.7/26 | K10: TRUE | L10: TRUE | M10: TRUE | N10: TRUE | O10: TRUE | Q10: RS | R10: FA, WA, EX, EM | V10: When you open file to schedule a month, first highlight all
A11: FALSE | B11: #0220 | C11: Vancouver | D11: Annual | E11: 1.5 | F11: 1 | G11: WA, EX | H11: No | I11: No | J11: 46041 | K11: TRUE | L11: FALSE | M11: TRUE | N11: TRUE | O11: FALSE | Q11: CY | R11: FA, WA, EX, EM | V11: the current year then change to yellow. Once job is
A12: FALSE | B12: #0255 | C12: Vancouver | D12: Annual | E12: 0.5 | F12: 1 | G12: EX | H12: No | I12: No | J12: Jan 12/ 26 | K12: TRUE | L12: TRUE | M12: TRUE | N12: TRUE | O12: TRUE | Q12: MV | R12: FA, WA, EX, EM, BF & FITTER | V12: completed then change to green or blue if only partially
A13: FALSE | B13: #0350 | C13: Vancouver | D13: Annual | E13: 1.5 | F13: 2 | G13: FA, EX, EM | H13: No | I13: No | J13: 46080 | K13: TRUE | L13: TRUE | M13: TRUE | N13: TRUE | O13: TRUE | Q13: GW | R13: FA, WA, EX, EM
A14: TRUE | B14: #0358 | C14: Vancouver | D14: Annual | E14: 3 | F14: 2 | G14: FA, WA, EX, EM | H14: No | I14: Yes | J14: Jan.30/26 | K14: TRUE | L14: TRUE | M14: TRUE | N14: TRUE | O14: TRUE | Q14: TS | R14: EX, EM, BF
A15: FALSE | B15: #0401 | C15: Vancouver | D15: Annual | E15: 1 | F15: 1 | G15: EX, EM | H15: No | I15: No | J15: 46041 | K15: TRUE | L15: FALSE | M15: TRUE | N15: TRUE | O15: FALSE
A16: FALSE | B16: #0437 | C16: Burnaby | D16: Annual | E16: 3 | F16: 2 | G16: FA, EX, EM | H16: No | I16: Yes | J16: Jan.19/26 | K16: TRUE | L16: TRUE | M16: TRUE | N16: TRUE | O16: TRUE | Q16: COLOUR CODE | U16: Responsibility
A17: FALSE | B17: #0441 | C17: Surrey | D17: Annual | E17: 1.5 | F17: 1 | G17: EX, EM | H17: No | I17: No | J17: 46013 | K17: TRUE | L17: FALSE | M17: TRUE | N17: TRUE | O17: TRUE | Q17: DUE | R17: Needs To Be Scheduled | T17: ## | U17: Scheduling Department
A18: FALSE | B18: #0461 | C18: Vancouver | D18: Annual minus BF & DPV | E18: 6 | F18: 2 | G18: FA, WA, EX, EM | H18: Yes | I18: Yes | J18: CLOSED | K18: FALSE | L18: FALSE | M18: FALSE | N18: FALSE | O18: FALSE | P18: was scheduled & confirmed by onsite then PM emailed and cancelled FILE CLOSED JULY 2025 | Q18: SCHEDULED | R18: Scheduled & Confirmed | T18: ## | U18: Scheduling Department
Q19: SEMI-COMPLETE | R19: Revisit Required To Complete Service | T19: ## | U19: Invoicing Department
A20: FALSE | B20: #0516 | C20: Vancouver | D20: Annual minus DPV | E20: 16 | F20: 3 | G20: FA, WA, EX, EM, BF | H20: Yes | I20: Yes | J20: Feb 23-24, 2026 | K20: TRUE | L20: TRUE | M20: TRUE | N20: TRUE | O20: FALSE | Q20: COMPLETE | R20: Service 100% Complete | T20: ## | U20: Invoicing Department
A21: TRUE | B21: #0518 | C21: Surrey | D21: Annual minus DPV | E21: 40 | F21: 2 | G21: FA, WA, EX, EM, BF | H21: No | I21: No | J21: Jan.12-16/26 | K21: TRUE | L21: TRUE | M21: TRUE | N21: TRUE | O21: TRUE
A22: FALSE | B22: #0529 | C22: Vancouver | D22: Annual | E22: 4.5 | F22: 2 | G22: FA, EX, EM | H22: Yes | I22: No | J22: 46041 | K22: FALSE | L22: FALSE | M22: FALSE | N22: FALSE | O22: FALSE | P22: POSTPONED
A23: FALSE | B23: #0540 | C23: Vancouver | D23: Annual | E23: 0.5 | F23: 1 | G23: EX | H23: No | I23: No | J23: Jan.12/26 | K23: TRUE | L23: FALSE | M23: TRUE | N23: TRUE | O23: FALSE
A24: FALSE | B24: #0559 | C24: Coquitlam | D24: Hydrants | H24: Yes | I24: No | J24: Jan 24, 24 | K24: FALSE | L24: FALSE | M24: FALSE | N24: FALSE | O24: FALSE | Q24: TOTAL REMAINING LABOUR HOURS | S24: =#REF!-AUG!R24 -> #REF!
A25: TRUE | B25: #0583 | C25: Vancouver | D25: Annual minus DPV & Kitchen | E25: 7.5 | F25: 2 | G25: FA, EX, EM, BF | H25: Yes | I25: Yes | J25: 46045 | K25: TRUE | L25: TRUE | M25: TRUE | N25: TRUE | O25: TRUE
A26: TRUE | B26: #0586 | C26: Vancouver | D26: Annual | E26: 3.5 | F26: 2 | G26: FA, WA, EX, EM, BF | H26: Yes | I26: Yes | J26: Feb.27/26 | K26: FALSE | L26: FALSE | M26: FALSE | N26: FALSE | O26: FALSE
A27: FALSE | B27: #0603 | C27: Vancouver | D27: Annual | E27: 1 | F27: 1 | G27: EX, EM | H27: No | I27: No | J27: CANCELLED | K27: FALSE | L27: FALSE | M27: FALSE | N27: FALSE | O27: FALSE
A28: FALSE | B28: #0636 | C28: Richmond | D28: Annual | E28: 1.5 | F28: 1 | G28: EX, EM | H28: No | I28: No | J28: 46034 | K28: TRUE | L28: FALSE | M28: TRUE | N28: TRUE | O28: FALSE
A29: TRUE | B29: #0645 | C29: Vancouver | D29: Annual | E29: 7 | F29: 2 | G29: FA, EX, EM, BF(JULY) | H29: No | I29: No | J29: 46045 | K29: TRUE | L29: TRUE | M29: TRUE | N29: TRUE | O29: TRUE
A30: FALSE | B30: #0661 | C30: North Vancouver | D30: Monthly | E30: 2 | F30: 1 | G30: FA, WA, EX, EM | H30: No | I30: Yes | J30: 46028 | K30: TRUE | L30: FALSE | M30: FALSE | N30: FALSE | O30: FALSE
A31: TRUE | B31: #0696 | C31: Vancouver | D31: Annual minus DPV | E31: 8 | F31: 2 | G31: FA, WA EX, EM | H31: Yes | I31: Yes | J31: 46048 | K31: TRUE | L31: TRUE | M31: TRUE | N31: TRUE | O31: FALSE
A32: TRUE | B32: #0705 | C32: Vancouver | D32: Annual | E32: 1 | F32: 1 | G32: EX | H32: No | I32: No | J32: Jan.19/26 | K32: FALSE | L32: FALSE | M32: FALSE | N32: FALSE | O32: FALSE
A33: FALSE | B33: #0755 | D33: Annual | E33: 1 | F33: 1 | G33: WA | H33: No | I33: No | J33: 46049 | K33: TRUE | L33: FALSE | M33: FALSE | N33: FALSE | O33: FALSE
A34: FALSE | B34: #0764 | C34: SURREY | D34: Annual | E34: 8 | F34: 2 | J34: 46057 | K34: TRUE | L34: TRUE | M34: TRUE | N34: TRUE | O34: TRUE
A35: FALSE | B35: #0468 | C35: DELTA | D35: Annual | E35: 3 | F35: 1 | G35: EX, EM, BF | H35: No | I35: No | J35: 46030 | K35: TRUE | L35: FALSE | M35: TRUE | N35: TRUE | O35: FALSE
A36: FALSE | B36: #0801 | D36: Annual | E36: 1 | F36: 1 | G36: SA | H36: No | I36: No | K36: FALSE | L36: FALSE | M36: FALSE | N36: FALSE | O36: FALSE | P36: was OTC038
E38: =SUM(E2:E36) -> 163.7

Sheet FEB
B1: FEBRUARY | K1: TECH REPORTS
A2: ANNUAL AGREEMENT SIGNED? | B2: FILE # | C2: CITY | D2: SERVICE TYPE | E2: # OF HRS REQ | F2: # OF TECHS | G2: STAMP/S REQ | H2: CONTRACTOR | I2: KEYS | J2: LAST COMPLETED | K2: REPORT IN EMAIL | L2: REPAIRS NEEDED | M2: REPORT COMPLETE | N2: ANNUAL REPORT SENT | O2: ASA sent | Q2: STAMP | R2: DEFINITION
A3: FALSE | B3: #0025 | C3: Vancouver | D3: Annual minus DPV | E3: 8 | F3: 2 | G3: FA, EX, EM, WA | H3: Yes | I3: Yes | J3: Feb.17/26 | K3: TRUE | L3: TRUE | M3: TRUE | N3: TRUE | O3: TRUE | Q3: FA | R3: Fire Alarm
A4: FALSE | B4: #0026 | C4: Vancouver | D4: Annual | E4: 3 | F4: 2 | G4: EX, EM, WA | H4: No | I4: No | J4: 46059 | K4: TRUE | L4: TRUE | M4: TRUE | N4: TRUE | O4: TRUE | Q4: WA | R4: Sprinkler
A5: FALSE | B5: #0037 | C5: Vancouver | D5: AnnuaL | E5: 8 | F5: 2 | G5: FA, EX, EM, WA | H5: Yes | I5: No | J5: 46072 | K5: TRUE | L5: TRUE | M5: TRUE | N5: TRUE | O5: TRUE | Q5: EX | R5: Fire Extinguisher
A6: TRUE | B6: #0042 | C6: Richmond | D6: Annual | E6: 1.5 | F6: 2 | G6: FE | H6: No | I6: No | J6: 46066 | K6: TRUE | L6: TRUE | M6: TRUE | N6: TRUE | O6: TRUE | Q6: EM | R6: Emergency Lights
A7: FALSE | B7: #0054 | C7: Vancouver | D7: Annual + Spring as of 2025 | E7: 20 | F7: 2 | G7: FA, EX, EM, WA, BF | H7: Yes | I7: Yes | J7: Feb.11-13/26 | K7: TRUE | L7: TRUE | M7: TRUE | N7: TRUE | O7: FALSE | Q7: BF | R7: Backflow
A8: TRUE | B8: #0079 | C8: Vancouver | D8: Annual | E8: 3 | F8: 2 | G8: FA, FE, EL, WA, BF | H8: No | I8: No | J8: 46066 | K8: TRUE | L8: TRUE | M8: TRUE | N8: TRUE | O8: TRUE | Q8: SM | R8: Smoke Control
A9: FALSE | B9: #0202 | C9: Vancouver | D9: Annual | E9: 3.5 | F9: 2 | G9: FA, WA, EX, EM, BF | H9: No | I9: Yes | J9: Feb 6/ 26 | K9: TRUE | L9: TRUE | M9: TRUE | N9: TRUE | O9: TRUE
A10: FALSE | B10: #0221 | C10: Vancouver | D10: Annual | E10: 1 | F10: 2 | G10: FA | H10: No | I10: No | J10: 46056 | K10: TRUE | L10: TRUE | M10: TRUE | N10: TRUE | O10: TRUE | Q10: TECH | R10: STAMPS HELD
A11: FALSE | B11: #0270 | C11: Vancouver | D11: Kitchen | E11: 1 | F11: 1 | G11: FA | H11: Yes | I11: Yes | J11: 45716 | K11: FALSE | L11: FALSE | M11: FALSE | N11: FALSE | O11: FALSE | Q11: =#REF! -> #REF! | R11: =#REF! -> #REF!
A12: FALSE | B12: #0301 | C12: Vancouver | D12: Annual | E12: 8 | F12: 2 | G12: FA, WA, EX, EM, BF | H12: No | I12: Yes | J12: 46058 | K12: TRUE | L12: TRUE | M12: TRUE | N12: TRUE | O12: FALSE | Q12: =JAN!Q11 -> CY | R12: =JAN!R11 -> FA, WA, EX, EM
A13: TRUE | B13: #0326 | C13: West Vancouver | D13: Annual | E13: 24 | F13: 2 | G13: FA, WA, EX, EM | H13: No | I13: Yes | J13: Feb 2-4th/26 | K13: TRUE | L13: TRUE | M13: TRUE | N13: TRUE | O13: FALSE | Q13: =JAN!Q12 -> MV | R13: =JAN!R12 -> FA, WA, EX, EM, BF & FITTER
A14: TRUE | B14: #0360 | C14: Vancouver | D14: Annual + Wet - Dry | E14: 38 | F14: 3 | G14: FA, WA EX, EM, BF | H14: Yes | I14: Yes | J14: Feb.23-26/26 | K14: TRUE | L14: TRUE | M14: TRUE | N14: TRUE | O14: TRUE | Q14: =#REF! -> #REF! | R14: =#REF! -> #REF!
A15: TRUE | B15: #0409 | C15: Coquitlam | D15: Annual | E15: 6.5 | F15: 2 | G15: FA, WA, EX, EM | H15: No | I15: No | J15: 46064 | K15: TRUE | L15: TRUE | M15: TRUE | N15: TRUE | O15: TRUE | Q15: =#REF! -> #REF! | R15: =#REF! -> #REF!
A16: FALSE | B16: #0413 | C16: New Westminster | D16: Annual | E16: 24 | F16: 2 | G16: FA, WA, EX, EM, BF | H16: Yes | I16: Yes | J16: Mar 4-6/26 | K16: TRUE | L16: TRUE | M16: TRUE | N16: TRUE | O16: TRUE | Q16: =JAN!Q13 -> GW | R16: =JAN!R13 -> FA, WA, EX, EM
A17: FALSE | B17: #0438 | C17: Richmond | D17: Suppression | H17: Yes | I17: No | J17: Mar 22, 24 | K17: FALSE | L17: FALSE | M17: FALSE | N17: FALSE | O17: FALSE | P17: Waiting for quote for repair from Acme | Q17: =JAN!Q14 -> TS | R17: =JAN!R14 -> EX, EM, BF
A18: FALSE | B18: #0460 | C18: Burnaby | D18: Annual | E18: 12 | F18: 2 | G18: FA, EX, EM, BF | H18: No | I18: Yes | J18: FEb 10-11/26 | K18: FALSE | L18: FALSE | M18: FALSE | N18: FALSE | O18: FALSE
A19: FALSE | B19: #0468 | C19: Delta | D19: Annual | E19: 3 | F19: 1 | G19: EX, EM, BF | H19: No | I19: No | J19: 46030 | K19: TRUE | L19: FALSE | M19: FALSE | N19: FALSE | O19: FALSE | P19: see Jan tab
A20: FALSE | B20: #0469 | C20: Surrey | D20: Annual | E20: 1 | F20: 1 | G20: EX, EM | H20: No | I20: No | J20: Dec 22/ 25 | K20: FALSE | L20: FALSE | M20: FALSE | N20: FALSE | O20: FALSE | P20: see Jan tab | Q20: COLOUR CODE | U20: Responsibility
A21: FALSE | B21: #0538 | C21: Vancouver | D21: Annual | E21: 8 | F21: 2 | G21: FA, WA, EX, EM, BF | H21: No | I21: Yes | J21: Feb 11/ 26 | K21: TRUE | L21: TRUE | M21: TRUE | N21: TRUE | O21: FALSE | Q21: DUE | R21: Needs To Be Scheduled | T21: ## | U21: Scheduling Department
A22: FALSE | B22: #0538 | C22: Vancouver | D22: Annual | E22: 4.5 | F22: 2 | G22: FA, WA, EX, EM, BF | H22: No | I22: Yes | J22: - | K22: FALSE | L22: FALSE | M22: FALSE | N22: FALSE | O22: FALSE | Q22: SCHEDULED | R22: Scheduled & Confirmed | T22: ## | U22: Scheduling Department
A23: FALSE | B23: #0649 | C23: Vancouver | D23: Annual | E23: 1 | F23: 1 | G23: EX, EM | H23: No | I23: No | J23: Mar.05/25 | K23: FALSE | L23: FALSE | M23: FALSE | N23: FALSE | O23: FALSE | P23: no charge c/o RS | Q23: SEMI-COMPLETE | R23: Revisit Required To Complete Service | T23: ## | U23: Invoicing Department
A24: FALSE | B24: #0661 | C24: North Vancouver | D24: Monthly | E24: 2 | F24: 1 | G24: FA, WA, EX, EM | H24: No | I24: Yes | J24: Feb.3/26 | K24: TRUE | L24: FALSE | M24: FALSE | N24: FALSE | O24: FALSE | Q24: COMPLETE | R24: Service 100% Complete | T24: ## | U24: Invoicing Department
A25: TRUE | B25: #0686 | C25: Vancouver | D25: Annual | E25: 6 | F25: 2 | G25: FA, WA, EX, EM, BF | H25: No | I25: No | J25: Feb.9/26 | K25: TRUE | L25: FALSE | M25: TRUE | N25: TRUE | O25: FALSE | Q25: TOTAL LABOUR HRS: | R25: =(E3*F3)+(E4*F4)+(E5*F5)+(E6*F6)+(E7*F7)+(E8*F8)+(#REF!*#REF!)+(DEC!E10*DEC!F10)+(E9*F9)+(E10*F10)+(#REF!*#REF!)+(E11*F11)+(E12*F12)+(E13*F13)+(E14*F14)+(E15*F15)+(E16*F16)+(E17*F17)+(E18*F18)+(E19*F19)+(E20*F20)+(E21*F21)+(E22*F22)+(E23*F23)+(E24*F24)+(#REF!*#REF!)+(E25*F25)+(E26*F26)+(E27*F27)+(E28*F28)+(E29*F29)+(E31*F31)+(E32*F32)+(E33*F33)+(E34*F34)+(E35*F35)+(E36*F36)+(E37*F37)+(E44*F39)+(E40*F40)+(E41*F41)+(E42*F42)+(E43*F43)+(#REF!*F44)+(E45*F45)+(E46*F46)+(E47*F47)+(E48*F48)+(E49*F49)+(E50*F50)+(E51*F51)+(E52*F52)+(E53*F53)+(E54*F54)+(E55*F55)+(E56*F56)+(E57*F57)+(E58*F58)+(E59*F59)+(E60*F60)+(E61*F61)+(E62*F62)+(E63*F63)+(E64*F64)+(E65*F65)+(E66*F66)+(E67*F67)+(E68*F68)+(E69*F69)+(E70*F70)+(E71*F71)+(E72*F72)+(E73*F73)+(E74*F74)+(E75*F75)+(E76*F76)+(E77*F77)+(E78*F78)+(E79*F79)+(E80*F80)+(E81*F81)+(E82*F82)+(E83*F83)+(E84*F84)+(E85*F85)+(E86*F86)+(E87*F87)+(E88*F88)+(E89*F89)+(E90*F90)+(E91*F91)+(E92*F92)+(E93*F93)+(E94*F94)+(E95*F95)+(E96*F96)+(E97*F97)+(E98*F98)+(E99*F99)+(E100*F100) -> #REF!
A26: TRUE | B26: #0687 | C26: Vancouver | D26: Annual | E26: 3.5 | F26: 2 | G26: FA, EX, EM, BF | H26: No | I26: No | J26: 46066 | K26: TRUE | L26: FALSE | M26: FALSE | N26: FALSE | O26: FALSE
A27: TRUE | B27: #0688 | C27: Vancouver | D27: Annual | E27: 2.5 | F27: 2 | G27: FA, EX, EM, BF | H27: No | I27: No | J27: Feb 9/ 26 | K27: TRUE | L27: TRUE | M27: TRUE | N27: TRUE | O27: TRUE | Q27: TOTAL AVAILABLE LABOUR HOURS IN THE MONTH | T27: 640 | V27: Based on 4 Techs in the field. Derived by (days of month divided by 7 then times by 5) x (number of techs times by 8)
A28: FALSE | B28: #0725 | C28: Port Coquitlam | D28: Annual & Hydrants | E28: 16 | F28: 2 | G28: FA, WA, EX, EM | H28: Yes | I28: Yes | J28: CLOSED | K28: TRUE | L28: TRUE | M28: TRUE | N28: TRUE | O28: TRUE
A29: FALSE | B29: #0748 | C29: Richmond | D29: Annual | E29: 0.5 | F29: 1 | G29: EX | H29: No | I29: No | J29: Feb.28/25 | K29: TRUE | L29: FALSE | M29: TRUE | N29: TRUE | O29: FALSE | Q29: REMAINING LABOUR HRS | S29: =T27-R25 -> #REF!
A30: FALSE | B30: #0755 | D30: Annual | E30: 1 | F30: 1 | G30: WA | H30: No | I30: No | J30: 45709 | K30: TRUE | L30: TRUE | M30: TRUE | N30: TRUE | O30: TRUE
A31: FALSE | B31: #0761 | C31: Vancouver | D31: Annual | E31: 1 | F31: 1 | G31: EX, EM | H31: No | I31: No | J31: 46056 | K31: TRUE | L31: FALSE | M31: TRUE | N31: TRUE | O31: FALSE
A32: FALSE | B32: #0781 | C32: Vancouver | D32: Annual | E32: 16 | F32: 2 | G32: FA, EX, EM, DPV, WA, BF | H32: YES, KITCHEN | I32: NO | J32: 46071 | K32: TRUE | L32: TRUE | M32: TRUE | N32: TRUE | O32: FALSE | P32: Kitchen done on Jan 13, 2026
A33: FALSE | B33: #0786 | C33: Vancouver | D33: Annual | E33: 24 | F33: 3 | J33: Feb.17-19/26 | K33: TRUE | L33: TRUE | M33: TRUE | N33: TRUE | O33: FALSE
A34: FALSE | B34: #0798 | C34: Vancouver | D34: Annual | F34: 1 | G34: EX, EM, BF | H34: No | I34: No | J34: new. Due in 2026 | K34: FALSE | L34: FALSE | M34: FALSE | N34: FALSE | O34: FALSE | P34: was OTC043
A35: FALSE | B35: #0765 | C35: Vancouver | D35: Annual | E35: 1 | F35: 1 | G35: EX, EM | H35: No | I35: No | J35: Feb.21/25 | K35: FALSE | L35: FALSE | M35: FALSE | N35: FALSE | O35: FALSE
A36: FALSE | B36: #0772 | C36: Vancouver | D36: BF | G36: BF | H36: No | K36: FALSE | L36: FALSE | M36: FALSE | N36: FALSE | O36: FALSE
A37: FALSE | B37: #0330-2 | C37: Vancouver | D37: Annual | G37: EX | H37: No | K37: FALSE | L37: FALSE | M37: FALSE | N37: FALSE | O37: FALSE
A38: FALSE | B38: #0817 | C38: Vancouver | D38: Annual | E38: 1 | F38: 1 | G38: EX | H38: No | I38: No | J38: 46056 | K38: TRUE | L38: TRUE | M38: TRUE | N38: TRUE | O38: TRUE
A39: FALSE | B39: #0818 | C39: Vancouver | D39: Annual | E39: 1 | F39: 1 | G39: EX, EL | H39: No | I39: No | J39: 46080 | K39: TRUE | L39: FALSE | M39: TRUE | N39: TRUE | O39: FALSE
E44: =SUM(E2:E39) -> 254.5

Sheet MAR
B1: MARCH | K1: TECH REPORTS
A2: ANNUAL AGREEMENT SIGNED? | B2: FILE # | C2: CITY | D2: SERVICE TYPE | E2: # OF HRS REQ | F2: # OF TECHS | G2: STAMP/S REQ | H2: CONTRACTOR | I2: KEYS | J2: LAST COMPLETED | K2: REPORT IN EMAIL | L2: REPAIRS NEEDED | M2: REPORT COMPLETE | N2: ANNUAL REPORT SENT | O2: ASA sent | Q2: STAMP | R2: DEFINITION
A3: TRUE | B3: #0032 | C3: Vancouver | D3: Annual | E3: 8 | F3: 2 | G3: FA, EX, EM, WA, BF | H3: Yes | I3: No | J3: 46086 | K3: TRUE | L3: TRUE | M3: TRUE | N3: TRUE | O3: FALSE | Q3: FA | R3: Fire Alarm
A4: FALSE | B4: #0047 | C4: North Vancouver | D4: Annual | E4: 5.5 | F4: 2 | G4: FA, EX, EM, WA | H4: Yes | I4: Yes | J4: 46087 | K4: TRUE | L4: TRUE | M4: TRUE | N4: TRUE | O4: FALSE
A5: FALSE | B5: #0094 | C5: Vancouver | D5: Annual | E5: 2 | F5: 1 | G5: EX, WA | H5: No | I5: No | J5: 45364 | K5: FALSE | L5: FALSE | M5: FALSE | N5: FALSE | O5: FALSE | P5: Russ only | Q5: EX | R5: Fire Extinguisher
A6: FALSE | B6: #0098 | C6: Vancouver | D6: Annual | E6: 6 | F6: 2 | G6: FA, WA | H6: Yes | I6: Yes | J6: 46093 | K6: TRUE | L6: TRUE | M6: TRUE | N6: TRUE | O6: FALSE | P6: tech report emailed april 28/25 | Q6: EM | R6: Emergency Lights
A7: FALSE | B7: #0114 | C7: Vancouver | D7: Annual | E7: 1 | F7: 1 | G7: EM | H7: No | I7: No | J7: Apr.10/25 | K7: FALSE | L7: FALSE | M7: FALSE | N7: FALSE | O7: FALSE | Q7: BF | R7: Backflow
A8: FALSE | B8: #0199 | C8: Vancouver | D8: Annual - Odd years only | E8: 1.5 | F8: 1 | G8: WA, EX | H8: No | I8: No | J8: Declined | K8: FALSE | L8: FALSE | M8: FALSE | N8: FALSE | O8: FALSE | P8: will call to schedule for April 2025 | Q8: SM | R8: Smoke Control
A9: FALSE | B9: #0203 | C9: Vancouver | D9: Annual | E9: 2.5 | F9: 2 | G9: FA, EX, EM | H9: No | I9: Yes | J9: 46113 | K9: FALSE | L9: FALSE | M9: FALSE | N9: FALSE | O9: FALSE
A10: TRUE | B10: #0216 | C10: Vancouver | D10: Annual | E10: 2.5 | F10: 2 | G10: FA, EX, EM, BF | H10: No | I10: Yes | J10: Mar.17/26 | K10: FALSE | L10: FALSE | M10: FALSE | N10: FALSE | O10: FALSE | Q10: TECH | R10: STAMPS HELD
A11: FALSE | B11: #0248 | C11: Richmond | D11: Hydrant | E11: 0 | F11: 0 | G11: - | H11: Yes | I11: No | J11: 45364 | K11: FALSE | L11: FALSE | M11: FALSE | N11: FALSE | O11: FALSE | Q11: =#REF! -> #REF! | R11: =#REF! -> #REF!
A12: FALSE | B12: #0259 | C12: Vancouver | D12: Annual | E12: 1 | F12: 1 | G12: EX, EM | H12: No | I12: No | J12: Mar.20/25 | K12: FALSE | L12: FALSE | M12: FALSE | N12: FALSE | O12: FALSE
A13: FALSE | B13: #0281 | C13: Burnaby | D13: Annual | E13: 2.5 | F13: 2 | G13: FA, WA | H13: No | I13: No | J13: 46091 | K13: TRUE | L13: TRUE | M13: TRUE | N13: TRUE | O13: TRUE | Q13: =#REF! -> #REF! | R13: =JAN!R9 -> STAMPS HELD
A14: TRUE | B14: #0308 | C14: Vancouver | D14: Annual | E14: 2.5 | F14: 2 | G14: FA, EX, EM | H14: No | I14: Yes | J14: Mar.13/25 | K14: FALSE | L14: FALSE | M14: FALSE | N14: FALSE | O14: FALSE | Q14: =JAN!Q10 -> RS | R14: =JAN!R10 -> FA, WA, EX, EM
A15: FALSE | B15: #0327 | C15: Vancouver | D15: Annual | E15: 7.5 | F15: 2 | G15: FA, WA, EX, EM, BF | H15: No | I15: Yes | J15: 46092 | K15: TRUE | L15: TRUE | M15: TRUE | N15: TRUE | O15: FALSE | Q15: =#REF! -> #REF! | R15: =#REF! -> #REF!
A16: FALSE | B16: #0349 | C16: Vancouver | D16: Kitchen | E16: 0 | F16: 0 | H16: Yes | J16: Mar.06/25 | K16: FALSE | L16: FALSE | M16: FALSE | N16: FALSE | O16: FALSE | P16: Normally scheduled in September | Q16: =JAN!Q11 -> CY | R16: =JAN!R11 -> FA, WA, EX, EM
A17: FALSE | B17: #0371 | C17: Vancouver | D17: Annual | F17: 2 | G17: FA, EX, BF | H17: No | I17: No | J17: 46113 | K17: TRUE | L17: FALSE | M17: FALSE | N17: FALSE | O17: FALSE | P17: Russ only | Q17: =JAN!Q12 -> MV | R17: =JAN!R12 -> FA, WA, EX, EM, BF & FITTER
A18: TRUE | B18: #0397 | C18: Vancouver | D18: Annual | E18: 23 | F18: 2 | G18: FA, WA, EX, EM, BF | H18: Yes | I18: Yes | J18: May 6-7, 2026 | K18: FALSE | L18: FALSE | M18: FALSE | N18: FALSE | O18: FALSE | Q18: =#REF! -> #REF! | R18: =#REF! -> #REF!
A19: FALSE | B19: #0402 | C19: Bowen Island | D19: Annual | F19: 2 | G19: FA, WA, EX, EM, BF | H19: No | I19: No | J19: CLOSING FILE | K19: FALSE | L19: FALSE | M19: FALSE | N19: FALSE | O19: FALSE | Q19: =#REF! -> #REF! | R19: =#REF! -> #REF!
A20: FALSE | B20: #0408 | C20: New Westminster | D20: Annual | E20: 40 | F20: 3 | G20: FA, WA, EX, EM, BF | H20: Yes | I20: Yes | J20: Mar 16-23/26 | K20: TRUE | L20: TRUE | M20: TRUE | N20: TRUE | O20: FALSE
A21: FALSE | B21: #0412 | C21: Vancouver | D21: Annual | G21: WA, EX | H21: No | I21: No | J21: Feb28, 24 | K21: FALSE | L21: FALSE | M21: FALSE | N21: FALSE | O21: FALSE | P21: delaying inspection a few weeks, contact in April
A22: FALSE | B22: #0444 | C22: Vancouver | D22: Suppression & Wet Sprinkler | E22: 2 | F22: 1 | G22: FA, WA | H22: Yes | I22: No | J22: 45351 | K22: FALSE | L22: FALSE | M22: FALSE | N22: FALSE | O22: FALSE | P22: waiting for quote from Acme for suppression repair | Q22: COLOUR CODE | U22: Responsibility
A23: FALSE | B23: #0449 | C23: Vancouver | D23: Annual | E23: 2.5 | F23: 1 | G23: WA, EX, BF | H23: No | I23: No | J23: Feb 26, 24 | K23: FALSE | L23: FALSE | M23: FALSE | N23: FALSE | O23: FALSE | P23: emailed 3 times and l/m, no response | Q23: DUE | R23: Needs To Be Scheduled | T23: ## | U23: Scheduling Department
A24: FALSE | B24: #0477 | C24: Vancouver | D24: Annual | E24: 4 | F24: 2 | G24: FA, WA, EX, EM | H24: No | I24: No | J24: 46090 | K24: TRUE | L24: TRUE | M24: TRUE | N24: TRUE | O24: FALSE | Q24: SCHEDULED | R24: Scheduled & Confirmed | T24: ## | U24: Scheduling Department
A25: FALSE | B25: #0478 | C25: Richmond | D25: Annual | E25: 16 | F25: 2 | G25: FA, WA, EX, EM | H25: No | I25: Yes | J25: Mar 11 & 13/26 | K25: TRUE | L25: TRUE | M25: TRUE | N25: TRUE | O25: TRUE | Q25: SEMI-COMPLETE | R25: Revisit Required To Complete Service | T25: ## | U25: Invoicing Department
A26: TRUE | B26: #0521 | C26: Burnaby | D26: Annual minus DPV | E26: 12 | F26: 2.5 | G26: FA, WA, EX, EM, BF | H26: Yes | I26: Yes | J26: Mar 2-3/26 | K26: TRUE | L26: TRUE | M26: TRUE | N26: TRUE | O26: TRUE | Q26: COMPLETE | R26: Service 100% Complete | T26: ## | U26: Invoicing Department
A27: FALSE | B27: #0542 | C27: West Vancouver | D27: Annual | E27: 4.5 | F27: 2 | G27: FA, WA, EX, EM, BF | H27: Yes | I27: Yes | J27: 46126 | K27: FALSE | L27: FALSE | M27: FALSE | N27: FALSE | O27: FALSE
A28: FALSE | B28: #0543 | C28: Vancouver | D28: Annual | E28: 1 | F28: 1 | G28: EX | H28: No | I28: No | J28: 46090 | K28: TRUE | L28: TRUE | M28: TRUE | N28: TRUE | O28: TRUE
A29: FALSE | B29: #0556 | C29: Vancouver | D29: Annual | E29: 1 | F29: 1 | G29: EX, EM | H29: No | I29: No | J29: 46087 | K29: TRUE | L29: FALSE | M29: TRUE | N29: TRUE | O29: FALSE | Q29: TOTAL LABOUR HRS: | R29: =(E3*F3)+(#REF!*#REF!)+(E5*F5)+(E6*F6)+(E7*F7)+(E8*F8)+(E10*F10)+(E11*F11)+(E13*F13)+(E14*F14)+(E15*F15)+(E16*F16)+(E17*F17)+(E18*F18)+(E19*F19)+(E20*F20)+(E21*F21)+(E22*F22)+(E23*F23)+(E24*F24)+(E25*F25)+(E26*F26)+(E27*F27)+(E28*F28)+(E29*F29)+(E30*F30)+(#REF!*#REF!)+(E31*F31)+(E33*F33)+(E34*F34)+(E35*F35)+(E36*F36)+(#REF!*#REF!)+(#REF!*#REF!)+(#REF!*#REF!)+(#REF!*#REF!)+(E37*F37)+(E38*F38)+(E39*F39)+(E40*F40)+(E41*F41)+(E42*F42)+(E43*F43)+(E44*F44)+(E45*F45)+(E46*F46)+(#REF!*#REF!)+(E47*F47)+(E48*F48)+(E49*F49)+(E50*F50)+(E52*F52)+(E56*F56)+(E57*F57)+(E58*F58)+(E59*F59)+(E60*F60)+(E61*F61)+(E62*F62)+(E63*F63)+(E64*F64)+(E65*F65)+(E66*F66)+(E67*F67)+(E68*F68)+(E69*F69)+(E70*F70)+(E71*F71)+(E72*F72)+(E73*F73)+(E74*F74)+(E75*F75)+(E76*F76)+(E77*F77)+(E78*F78)+(E79*F79)+(E80*F80)+(E81*F81)+(E82*F82)+(E83*F83)+(E84*F84)+(E85*F85)+(E86*F86)+(E87*F87)+(E88*F88)+(E89*F89)+(E90*F90)+(E91*F91)+(E92*F92)+(E93*F93)+(E94*F94)+(E95*F95)+(E96*F96)+(E97*F97)+(E98*F98) -> #REF!
A30: TRUE | B30: #0583 | C30: Vancouver | D30: Spring & Kitchen | E30: 4 | F30: 2 | G30: FA, WA | H30: Yes | I30: Yes | J30: 46052 | K30: FALSE | L30: FALSE | M30: FALSE | N30: FALSE | O30: FALSE
A31: FALSE | B31: #0661 | C31: North Vancouver | D31: Monthly | E31: 2 | F31: 1 | G31: FA, WA, EX, EM | H31: No | I31: Yes | J31: 46093 | K31: TRUE | L31: FALSE | M31: FALSE | N31: FALSE | O31: FALSE | Q31: REMAINING LABOUR HRS | S31: =T34-R29 -> #REF!
A32: FALSE | B32: #0678 | C32: Vancouver | D32: Annual minus DPV | E32: 3.5 | F32: 2 | G32: FA, EX, EM | H32: No | I32: Yes | J32: CLOSED | K32: FALSE | L32: FALSE | M32: FALSE | N32: FALSE | O32: FALSE | P32: Closed file on July 29, 2025
A33: FALSE | B33: #0724 | C33: Vancouver | D33: Annual | E33: 1.5 | F33: 1 | G33: FA, EX, EM | H33: No | I33: No | J33: 46091 | K33: TRUE | L33: FALSE | M33: FALSE | N33: FALSE | O33: FALSE
A34: FALSE | B34: #0749 | C34: Richmond | D34: Annual | E34: 2 | F34: 1 | G34: EX, EM | H34: No | I34: No | J34: Yvonne Denied March Annual | K34: FALSE | L34: FALSE | M34: FALSE | N34: FALSE | O34: FALSE | Q34: TOTAL AVAILABLE LABOUR HOURS IN THE MONTH | T34: 708 | V34: Based on 4 Techs in the field. Derived by (days of month divided by 7 then times by 5) x (number of techs times by 8)
A35: FALSE | B35: #0750 | C35: Vancouver | D35: Annual | E35: 3 | F35: 2 | G35: FA, EX, EM | H35: No | I35: No | J35: 46091 | K35: TRUE | L35: TRUE | M35: TRUE | N35: TRUE | O35: TRUE
A36: FALSE | B36: #0769 | C36: Burnaby | D36: Annual | E36: 1 | F36: 1 | G36: EX, EM | H36: No | I36: No | J36: 45364 | K36: FALSE | L36: FALSE | M36: FALSE | N36: FALSE | O36: FALSE | P36: Emailed & sent quote - no response
A37: FALSE | B37: #0470-1 | C37: Burnaby | D37: ANNUAL | E37: 3 | F37: 1 | G37: EX | H37: No | I37: No | J37: Mar.18/25 | K37: FALSE | L37: FALSE | M37: FALSE | N37: FALSE | O37: FALSE | P37: Emailed no response
A38: FALSE | B38: #0726 | C38: Vancouver | D38: ANNUAL | E38: 1 | F38: 1 | G38: EX, EM | H38: No | I38: No | J38: 46090 | K38: TRUE | L38: FALSE | M38: TRUE | N38: TRUE | O38: FALSE | P38: As per CY, 5 of 6 FX were serviced by Executive Fire and due for service in Oct, 2026. He only serviced 1 FX.
A39: FALSE | B39: #0787 | C39: Vancouver | D39: ANNUAL | E39: 3 | F39: 2 | G39: FA, FE, EL | H39: NO | I39: NO | J39: 46119 | K39: FALSE | L39: FALSE | M39: FALSE | N39: FALSE | O39: FALSE | P39: emailed
A40: FALSE | B40: #0788 | C40: Vancouver | D40: ANNUAL | E40: 3 | F40: 2 | G40: FA, FE, EL | H40: NO | I40: NO | J40: Mar.06/25 | K40: FALSE | L40: FALSE | M40: FALSE | N40: FALSE | O40: FALSE | P40: --
A41: FALSE | B41: #0789 | C41: Vancouver | D41: ANNUAL | E41: 3 | F41: 2 | G41: FA, WA, FE, EL, BF | H41: NO | I41: NO | J41: 46119 | K41: FALSE | L41: FALSE | M41: FALSE | N41: FALSE | O41: FALSE | P41: --
A42: TRUE | B42: #0775 | C42: Richmond | D42: ANNUAL | E42: 3 | F42: 2 | G42: FA, FE, EL, BF | H42: No | I42: No | J42: 46049 | K42: TRUE | L42: TRUE | M42: TRUE | N42: TRUE | O42: TRUE | P42: Only tested BF (Failed)
A43: TRUE | B43: #0175 | C43: Vancouver | D43: Annual | E43: 3 | F43: 2 | G43: FA, WA, EX, EM | H43: No | I43: Yes | J43: 46080 | K43: TRUE | L43: FALSE | M43: TRUE | N43: TRUE | O43: FALSE
A44: FALSE | B44: #0678 | C44: Vancouver | D44: Annual minus DPV | E44: 3.5 | F44: 2 | G44: FA, EX, EM | H44: No | I44: Yes | J44: Mar.26/25 | K44: FALSE | L44: FALSE | M44: FALSE | N44: FALSE | O44: FALSE | P44: Closed file on July 29, 2025
A45: FALSE | B45: #0761 | C45: Vancouver | D45: ANNUAL | E45: 1 | F45: 1 | G45: FE, EL | H45: No | I45: No | J45: 46056 | K45: FALSE | L45: FALSE | M45: FALSE | N45: FALSE | O45: FALSE
A46: FALSE | B46: #0259 | C46: Vancouver | D46: Annual | E46: 1 | F46: 1 | G46: EX, EM | H46: No | I46: No | J46: Mar.20/25 | K46: FALSE | L46: FALSE | M46: FALSE | N46: FALSE | O46: FALSE | P46: emailed no response
A47: FALSE | B47: #0797 | C47: Burnaby | D47: Annual | F47: 1 | G47: FE | H47: No | I47: No | J47: Mar.18/25 | K47: FALSE | L47: FALSE | M47: FALSE | N47: FALSE | O47: FALSE | P47: emailed no response
A48: TRUE | B48: #0773 | C48: Richmond | D48: Annual | E48: 3 | F48: 2 | G48: FA, EX, EL, BF | H48: No | I48: No | J48: 46118 | K48: FALSE | L48: FALSE | M48: FALSE | N48: FALSE | O48: FALSE
A49: FALSE | B49: #0271 | C49: Vancouver | D49: Kitchen | E49: 1 | F49: 1 | G49: FA | H49: Yes | I49: Yes | K49: FALSE | L49: FALSE | M49: FALSE | N49: FALSE | O49: FALSE | P49: Last service was Sep 22, 2025
A50: FALSE | B50: #0724 | C50: Vancouver | D50: Annual | E50: 1 | F50: 1 | G50: FA, EX, EL | H50: NO | I50: NO | J50: 46091 | K50: TRUE | L50: TRUE | M50: TRUE | N50: TRUE | O50: FALSE
B51: #0819 | C51: Vancouver | D51: Annual | E51: 1 | F51: 1 | G51: EX | H51: NO | I51: NO | J51: 46084 | K51: TRUE | L51: FALSE | M51: FALSE | N51: FALSE | O51: FALSE
E52: =SUM(E2:E51) -> 196

Sheet APR
B1: APRIL | K1: TECH REPORTS
A2: ANNUAL AGREEMENT SIGNED? | B2: FILE # | C2: CITY | D2: SERVICE TYPE | E2: # OF HRS REQ | F2: # OF TECHS | G2: STAMP/S REQ | H2: CONTRACTOR | I2: KEYS | J2: LAST COMPLETED | K2: REPORT IN EMAIL | L2: REPAIRS NEEDED | M2: REPORT COMPLETE | N2: ANNUAL REPORT SENT | O2: ASA Sent | P2: INVOICE AMOUNT | R2: STAMP | S2: DEFINITION
A3: FALSE | B3: #0054 | C3: Vancouver | D3: Annual | E3: 13 | F3: 2 | G3: FA, EX, EM, WA | H3: Yes | I3: Yes | J3: Feb.26,27 &Mar.19/25 | K3: TRUE | L3: TRUE | M3: TRUE | N3: TRUE | O3: TRUE | Q3: Moved to Feb tab | R3: FA | S3: Fire Alarm
A4: TRUE | B4: #0061 | C4: Vancouver | D4: Annual | E4: 11.5 | F4: 2 | G4: FA, EX, EM, WA | H4: Yes | I4: Yes | J4: Sep 15-16, 2025 | K4: TRUE | L4: TRUE | M4: TRUE | N4: TRUE | O4: TRUE | Q4: Moved to Sept tab | R4: WA | S4: Sprinkler
A5: FALSE | B5: #0062 | C5: Richmond | D5: Annual | E5: 6 | F5: 2 | G5: FA, WA, BF | H5: Yes | I5: No | J5: DECLINED USED ANOTHER COMPANY | K5: FALSE | L5: FALSE | M5: FALSE | N5: FALSE | O5: FALSE | Q5: acct closed | R5: EX | S5: Fire Extinguisher
A6: FALSE | B6: #0100 | C6: Vancouver | D6: Annual | E6: 4 | F6: 2 | G6: FA, EX, EM, WA, BF | H6: No | I6: Yes | J6: 45791 | K6: TRUE | L6: TRUE | M6: TRUE | N6: TRUE | O6: TRUE | R6: EM | S6: Emergency Lights
A7: FALSE | B7: #0107 | C7: Vancouver | D7: Backflow & DPV Spring | E7: 2.5 | F7: 2 | G7: WA, BF | H7: Yes | I7: Yes | J7: 45783 | K7: TRUE | L7: TRUE | M7: TRUE | N7: TRUE | O7: TRUE | R7: BF | S7: Backflow
A8: FALSE | B8: #0127 | C8: Vancouver | D8: Annual | E8: 2 | F8: 2 | G8: FA, EX, EM | H8: No | I8: No | J8: 45779 | K8: TRUE | L8: TRUE | M8: TRUE | N8: TRUE | O8: TRUE | Q8: no report rec'd from tech
A9: TRUE | B9: #0175 | C9: Vancouver | D9: Annual | E9: 3 | F9: 2 | G9: FA, WA, EX, EM | H9: No | I9: Yes | J9: Mar.26/25 | K9: TRUE | L9: TRUE | M9: TRUE | N9: TRUE | O9: TRUE | R9: SM | S9: Smoke Control
A10: FALSE | B10: #0189 | C10: Vancouver | D10: Annual | E10: 2 | F10: 1 | G10: EX | H10: No | I10: No | J10: Apr.10/25 | K10: TRUE | L10: FALSE | M10: TRUE | N10: TRUE | O10: FALSE
A11: FALSE | B11: #0208 | C11: Vancouver | D11: Annual | E11: 6 | F11: 2 | G11: FA, WA, EX, EM | H11: Yes | I11: Yes | J11: 45778 | K11: TRUE | L11: FALSE | M11: FALSE | N11: FALSE | O11: FALSE | R11: TECH | S11: STAMPS HELD
A12: TRUE | B12: #0240 | C12: Vancouver | D12: Annual minus DPV | E12: 36 | F12: 3 | G12: FA, EX, EM, BF | H12: Yes | I12: Yes | J12: Apr 14,15,16/25 | K12: TRUE | L12: TRUE | M12: TRUE | N12: TRUE | O12: TRUE
A13: FALSE | K13: FALSE | L13: FALSE | M13: FALSE | N13: FALSE | O13: FALSE
A14: FALSE | B14: #0271 | C14: Vancouver | D14: Annual | E14: 6 | F14: 2 | G14: FA, EX, EM, BF | H14: No | I14: Yes | J14: 45779 | K14: TRUE | L14: TRUE | M14: TRUE | N14: TRUE | O14: TRUE | R14: RS | S14: FA, WA, EX, EM
A15: FALSE | B15: #0276 | C15: Vancouver | D15: Annual | E15: 2 | F15: 1 | G15: EX, EM | H15: No | I15: No | J15: 45744 | K15: TRUE | L15: TRUE | M15: TRUE | N15: TRUE | O15: TRUE | R15: CG | S15: FA, WA, EX, EM, BF, SM
A16: FALSE | B16: #0293 | C16: Vancouver | D16: Annual | E16: 12 | F16: 2 | G16: FA, WA, EX, EM, BF | H16: Yes | I16: Yes | J16: Apr.23, 24/25 | K16: TRUE | L16: TRUE | M16: TRUE | N16: TRUE | O16: TRUE | R16: CY | S16: FA, WA, EX, EM
A17: FALSE | B17: #0320 | C17: Vancouver | D17: Annual | E17: 8 | F17: 2 | G17: FA, WA, EX, EM | H17: Yes | I17: Yes | J17: Apr.28,29/25 | K17: TRUE | L17: TRUE | M17: TRUE | N17: TRUE | O17: TRUE | R17: MV | S17: FA, WA, EX, EM, BF & FITTER
A18: TRUE | B18: #0323 | C18: Vancouver | D18: Annual + Kitchen | E18: 20 | F18: 2 | G18: FA, WA, EX, EM, BF | H18: Yes | I18: Yes | J18: May 5-9,25 | K18: TRUE | L18: TRUE | M18: TRUE | N18: TRUE | O18: FALSE | R18: PM | S18: FA, WA, EX, EM
A19: TRUE | B19: #0329 | C19: Vancouver | D19: Annual | E19: 6 | F19: 2 | G19: FA, WA, EX, EM, BF | H19: Yes | I19: No | J19: 45785 | K19: TRUE | L19: TRUE | M19: TRUE | N19: TRUE | O19: TRUE | R19: RD | S19: TRAINEE
A20: TRUE | B20: #0330 | C20: Vancouver | D20: EX, DPV Spring, Hydrant & BF | E20: 5 | F20: 2 | G20: FA, WA, EX, BF | H20: Yes | I20: No | J20: 45782 | K20: FALSE | L20: FALSE | M20: FALSE | N20: FALSE | O20: FALSE | R20: GW | S20: FA, WA, EX, EM
A21: TRUE | B21: #0330-1 | C21: Vancouver | D21: Spring | E21: 1.5 | F21: 1 | G21: WA, BF | H21: No | I21: No | J21: 45782 | K21: FALSE | L21: FALSE | M21: FALSE | N21: FALSE | O21: FALSE
A22: TRUE | B22: #0334 | C22: Burnaby | D22: Annual | E22: 6 | F22: 1 | G22: EX, EM | H22: No | I22: No | J22: 45866 | K22: TRUE | L22: TRUE | M22: TRUE | N22: TRUE | O22: TRUE
A23: FALSE | B23: #0415 | C23: Vancouver | D23: Annual | E23: 6 | F23: 2 | G23: FA, WA, EX, EM, BF | H23: No | I23: No | J23: CLOSED | K23: FALSE | L23: FALSE | M23: FALSE | N23: FALSE | O23: FALSE | R23: COLOUR CODE | V23: Responsibility
A24: FALSE | B24: #0442 | C24: Burnaby | D24: Annual | E24: 16 | F24: 2 | H24: Yes | I24: Yes | J24: May 12,13/25 | K24: TRUE | L24: TRUE | M24: TRUE | N24: TRUE | O24: TRUE | R24: DUE | S24: Needs To Be Scheduled | U24: ## | V24: Scheduling Department
A25: FALSE | B25: #0467 | C25: Vancouver | D25: Annual | E25: 2 | F25: 1 | G25: WA, EX, EM, BF | H25: No | I25: No | J25: CLOSED | K25: TRUE | L25: TRUE | M25: TRUE | N25: TRUE | O25: TRUE | R25: SCHEDULED | S25: Scheduled & Confirmed | U25: ## | V25: Scheduling Department
A26: FALSE | B26: #0513 | C26: Vancouver | D26: Annual | E26: 8 | F26: 2 | G26: FA, WA, EX, EM, BF | H26: Yes | I26: Yes | J26: 45790 | K26: TRUE | L26: TRUE | M26: TRUE | N26: TRUE | O26: TRUE | R26: SEMI-COMPLETE | S26: Revisit Required To Complete Service | U26: ## | V26: Invoicing Department
A27: TRUE | B27: #0521 | C27: Burnaby | D27: Kitchen & DPV | E27: 6 | F27: 2 | G27: FA, WA | H27: Yes | I27: Yes | J27: w/annual Mar 13 2025 | K27: TRUE | L27: TRUE | M27: TRUE | N27: TRUE | O27: TRUE | R27: COMPLETE | S27: Service 100% Complete | U27: ## | V27: Invoicing Department
A28: FALSE | B28: #0569 | C28: Vancouver | D28: Spring | E28: 2 | F28: 1 | G28: FA, WA | H28: Yes | I28: Yes | J28: 45783 | K28: FALSE | L28: FALSE | M28: FALSE | N28: FALSE | O28: FALSE | R28: TOTAL LABOUR HOURS: | S28: =(E3*F3)+(E4*F4)+(E5*F5)+(E6*F6)+(E7*F7)+(E8*F8)+(E9*F9)+(E10*F10)+(E11*F11)+(E14*F14)+(E15*F15)+(E16*F16)+(E17*F17)+(E18*F18)+(E19*F19)+(E20*F20)+(E21*F21)+(E22*F22)+(E23*F23)+(E24*F24)+(E25*F25)+(E26*F26)+(E27*F27)+(E28*F28)+(E29*F29)+(E30*F30)+(E31*F31)+(E32*F32)+(E33*F33)+(E34*F34)+(E35*F35)+(E36*F36)+(E37*F37)+(E38*F38)+(E39*F39)+(E40*F40)+(E41*F41)+(E42*F42)+(E43*F43)+(E44*F44)+(E45*F45)+(E46*F46)+(E47*F47)+(E48*F48)+(E49*F49)+(E50*F50)+(E51*F51)+(E52*F52)+(E53*F53)+(E54*F54)+(E55*F55)+(E56*F56)+(E57*F57)+(E58*F58)+(E59*F59)+(E60*F60)+(E61*F61)+(E62*F62)+(E63*F63)+(E64*F64)+(E65*F65)+(E66*F66)+(E67*F67)+(E68*F68)+(E69*F69)+(E70*F70)+(E71*F71)+(E72*F72)+(E73*F73)+(E74*F74)+(E75*F75)+(E76*F76)+(E77*F77)+(E78*F78)+(E79*F79)+(E80*F80)+(E81*F81)+(E82*F82)+(E83*F83)+(E84*F84)+(E85*F85)+(E86*F86)+(E87*F87)+(E88*F88)+(E89*F89)+(E90*F90)+(E91*F91)+(E92*F92)+(E93*F93)+(E94*F94)+(E95*F95)+(E96*F96)+(E97*F97)+(E98*F98)+(E99*F99)+(E100*F100)+(E101*F101) -> 502
A29: FALSE | B29: #0609 | C29: Vancouver | D29: Annual | E29: 8 | F29: 2 | G29: FA, WA, EX, EM, BF | H29: Yes | I29: Yes | J29: 45784 | K29: TRUE | L29: TRUE | M29: TRUE | N29: TRUE | O29: TRUE
A30: FALSE | B30: #0646 | C30: Vancouver | D30: Annual | E30: 16 | F30: 2 | G30: FA, WA, EX, EM, BF | H30: Yes | I30: Yes | J30: CLOSED | K30: TRUE | L30: TRUE | M30: TRUE | N30: TRUE | O30: TRUE
A31: FALSE | B31: #0652 | C31: Vancouver | D31: Annual | E31: 8 | F31: 2 | G31: FA, WA, EX, EM | H31: No | I31: Yes | J31: CLOSED | K31: TRUE | L31: TRUE | M31: TRUE | N31: TRUE | O31: TRUE
A32: FALSE | B32: #0661 | C32: North Vancouver | D32: Monthly | E32: 2 | F32: 1 | G32: FA, WA, EX, EM | H32: No | I32: Yes | J32: Apr.1/25 | K32: FALSE | L32: FALSE | M32: FALSE | N32: FALSE | O32: FALSE
A33: TRUE | B33: #0674 | C33: Vancouver | D33: Annual | E33: 8 | F33: 2 | G33: FA, WA, EX, EM, BF | H33: Yes | I33: Yes | J33: 46094 | K33: TRUE | L33: TRUE | M33: TRUE | N33: TRUE | O33: FALSE | Q33: REQUIRES 1 MONTHS NOTICE!
A34: FALSE | B34: #0728 | C34: Vancouver | D34: Annual | E34: 2 | F34: 1 | G34: WA, BF | H34: No | I34: No | J34: Apr.9/25 | K34: TRUE | L34: FALSE | M34: FALSE | N34: TRUE | O34: FALSE | Q34: BF
A35: FALSE | B35: #0751 | C35: Vancouver | D35: Annual | E35: 2.5 | F35: 1 | G35: EX, EM | H35: No | I35: No | J35: 45814 | K35: TRUE | L35: FALSE | M35: TRUE | N35: TRUE | O35: FALSE
A36: FALSE | B36: #0752 | C36: Vancouver | D36: Annual | E36: 4 | F36: 2 | G36: FA, EX, EM | H36: No | I36: No | J36: 45877 | K36: TRUE | L36: TRUE | M36: TRUE | N36: TRUE | O36: TRUE
A37: FALSE | B37: #0765 | C37: Vancouver | D37: Annual | E37: 1 | F37: 1 | G37: EX, EM | H37: No | I37: No | J37: Feb.21/25 | K37: TRUE | L37: FALSE | M37: TRUE | N37: TRUE | O37: FALSE
A38: FALSE | B38: #0766 | C38: New Westminster | D38: Annual | E38: 6 | F38: 2 | G38: FA, EX, EM, WA | H38: No | I38: No | J38: 45772 | K38: TRUE | L38: TRUE | M38: TRUE | N38: TRUE | O38: TRUE
A39: FALSE | B39: #0767 | C39: New Westminster | D39: Annual | E39: 8 | F39: 2 | G39: FA, EX, EM | J39: 45786 | K39: TRUE | L39: TRUE | M39: TRUE | N39: TRUE | O39: TRUE
A40: FALSE | B40: #0771 | C40: Vancouver | D40: Annual | E40: 1 | F40: 1 | G40: EX, EM | H40: No | I40: No | J40: Apr 29, 24. No response | K40: FALSE | L40: FALSE | M40: FALSE | N40: FALSE | O40: FALSE
A41: FALSE | B41: #0780 | C41: Vancouver | D41: Annual | E41: 2 | F41: 2 | G41: FA, EX, EM, BF, WA | H41: No | I41: No | J41: BF + T CALLS ONLY | K41: FALSE | L41: FALSE | M41: FALSE | N41: FALSE | O41: FALSE
A42: FALSE | B42: #0809 | C42: Richmond | D42: Boss Ex | J42: New account | K42: FALSE | L42: FALSE | M42: FALSE | N42: FALSE | O42: FALSE
A43: TRUE | B43: #0073 | C43: Vancouver | D43: Annual | E43: 32 | F43: 2 | G43: FA, EX, EM, WA, BF | H43: Yes | I43: Yes | J43: Mar 24-27, 2026 | K43: TRUE | L43: TRUE | M43: TRUE | N43: TRUE | O43: FALSE
A44: FALSE | B44: #0438 | C44: Richmond | D44: Annual & Suppression | E44: 6 | F44: 2 | G44: FA, EX, EM | H44: Yes | I44: No | J44: 45758 | K44: TRUE | L44: FALSE | M44: FALSE | N44: FALSE | O44: FALSE
E46: =SUM(E2:E44) -> 299

Sheet SPRING
B1: SPRING (Late March to Late August) (ENSURE 2ND TECH FOR FULL TRIP OR EXCESIVE LP's) | J1: TECH REPORTS
A2: 2025 AUDIT DONE ?- Y/N | B2: FILE # | C2: SERVICE TYPE | D2: # OF HRS REQ | E2: # OF TECHS | F2: STAMP/S REQ | G2: CONTRACTOR | H2: KEYS | I2: LAST COMPLETED | J2: REPORT IN EMAIL | K2: REPAIRS NEEDED | L2: REPORT COMPLETE | N2: STAMP | O2: DEFINITION
A3: Y | B3: #0020 | C3: DPV | D3: 4 | E3: 2 | F3: WA | G3: Yes | H3: Yes | I3: 45818 | J3: TRUE | K3: FALSE | L3: FALSE | N3: FA | O3: Fire Alarm
A4: Y | B4: #0022 | C4: DPV | D4: 1.5 | E4: 1 | F4: WA | H4: Yes | I4: 45891 | J4: FALSE | K4: FALSE | L4: FALSE | N4: WA | O4: Sprinkler
A5: N | B5: #0024 | C5: DPV | D5: 1.5 | E5: 1 | F5: WA | G5: Yes | H5: Yes | I5: SEPT 12/25 | J5: FALSE | K5: FALSE | L5: FALSE | N5: EX | O5: Fire Extinguisher
A6: N | B6: #0025 | C6: DPV | D6: 1.5 | E6: 1 | F6: WA | G6: Yes | H6: Yes | I6: 45937 | J6: TRUE | K6: FALSE | L6: FALSE | N6: EM | O6: Emergency Lights
A7: N | B7: #0037 | C7: DPV | D7: 3 | E7: 2 | F7: WA | G7: Yes | H7: Yes | I7: active acct? | J7: FALSE | K7: FALSE | L7: FALSE | N7: BF | O7: Backflow
A8: Y | B8: #0060 | C8: DPV | D8: 3 | E8: 2 | F8: WA | G8: No | H8: Yes | I8: 45881 | J8: TRUE | K8: FALSE | L8: FALSE | N8: SM | O8: Smoke Control
A9: Y | B9: #0083 | C9: DPV | D9: 2 | E9: 2 | F9: WA | G9: Yes | H9: Yes | I9: 45898 | J9: TRUE | K9: FALSE | L9: FALSE
A10: Y | B10: #0146 | C10: DONE WITH ANNUAL | D10: 2 | E10: 2 | F10: FA, WA | G10: Yes | H10: Yes | I10: SEPT 26/25 | J10: FALSE | K10: FALSE | L10: FALSE | N10: TECH | O10: STAMPS HELD
A11: Y | B11: #0183 | C11: DONE WITH ANNUAL | D11: 1.5 | E11: 2 | F11: WA | G11: No | H11: Yes | I11: 45681 | J11: FALSE | K11: FALSE | L11: FALSE | N11: RS | O11: FA, WA, EX, EM
A12: Y | B12: #0190 | C12: DPV | D12: 3 | E12: 2 | F12: WA | G12: Yes | H12: No | I12: Apr.24/25 | J12: TRUE | K12: FALSE | L12: FALSE | N12: CG | O12: FA, WA, EX, EM, BF, SM
A13: Y | B13: #0240 | C13: DPV & Hydrant | D13: 3 | E13: 2 | F13: FA, WA | G13: Yes | H13: Yes | I13: Apr 14-16, 25 | J13: FALSE | K13: FALSE | L13: FALSE | M13: DPV done during annual Apr 14-16, 2025. Still need to schedule Hydrant service | N13: CY | O13: FA, WA, EX, EM
A14: Y | B14: #0244 | C14: DPV | D14: 2.5 | E14: 2 | F14: FA, WA | G14: No | H14: Yes | I14: 45898 | J14: TRUE | K14: FALSE | L14: FALSE | N14: MV | O14: FA, WA, EX, EM, BF & FITTER
B15: #0280 | C15: DPV | D15: 2 | E15: 2 | F15: WA | G15: No | H15: Yes | I15: CLOSED | J15: FALSE | K15: FALSE | L15: FALSE | N15: PM | O15: FA, WA, EX, EM
A16: Y | B16: #0297 | C16: DPV | D16: 1.5 | E16: 1 | F16: WA | G16: No | H16: Yes | I16: 45881 | J16: TRUE | K16: FALSE | L16: FALSE | N16: RD | O16: TRAINEE
A17: N | B17: #0308 | C17: DPV | D17: 1.5 | E17: 1 | F17: WA | G17: No | H17: Yes | I17: sept 17/25 | J17: TRUE | K17: FALSE | L17: FALSE | N17: GW | O17: FA, WA, EX, EM
A18: Y | B18: #0310 | C18: DONE WITH ANNUAL | D18: 3.5 | E18: 1 | F18: WA | G18: Yes | H18: Yes | I18: SEPT 9/25 | J18: FALSE | K18: FALSE | L18: FALSE | M18: Not done. No turbidity notice posted c/o CY Apr 17, 2025
B19: #0311 | C19: DPV | D19: 1.5 | E19: 1 | F19: WA | G19: Yes | H19: Yes | I19: CLOSED | J19: FALSE | K19: FALSE | L19: FALSE
A20: Y | B20: #0313 | C20: DPV & BF | D20: 4 | E20: 1 | F20: FA, WA, BF | G20: No | H20: No | I20: 45757 | J20: TRUE | K20: FALSE | L20: FALSE | N20: COLOUR CODE | R20: Responsibility
A21: Y | B21: #0326 | C21: DPV | D21: 3.5 | E21: 2 | F21: FA, WA | G21: No | H21: Yes | I21: 45876 | J21: TRUE | K21: FALSE | L21: TRUE | N21: DUE | O21: Needs To Be Scheduled | Q21: ## | R21: Scheduling Department
A22: N | B22: #0360 | C22: DPV | D22: 5 | E22: 2 | F22: FA, WA | G22: Yes | H22: Yes | I22: Sept 24/25 | J22: FALSE | K22: FALSE | L22: FALSE | N22: SCHEDULED | O22: Scheduled & Confirmed | Q22: ## | R22: Scheduling Department
A23: Y | B23: #0369 | C23: DPV | D23: 2 | E23: 1 | F23: WA | G23: Yes | H23: Yes | I23: 45869 | J23: TRUE | K23: FALSE | L23: TRUE | N23: SEMI-COMPLETE | O23: Revisit Required To Complete Service | Q23: ## | R23: Invoicing Department
A24: Y | B24: #0413 | C24: DPV | D24: 2 | E24: 1 | F24: WA | G24: Yes | H24: Yes | I24: 45888 | J24: TRUE | K24: FALSE | L24: FALSE | N24: COMPLETE | O24: Service 100% Complete | Q24: ## | R24: Invoicing Department
A25: Y | B25: #0437 | C25: DPV | D25: 2 | E25: 1 | F25: WA | G25: No | H25: Yes | I25: 45880 | J25: TRUE | K25: FALSE | L25: FALSE
B26: #0442 | C26: DPV | D26: 4 | E26: 1 | F26: WA | G26: Yes | H26: Yes | I26: CLOSED | J26: FALSE | K26: FALSE | L26: FALSE | N26: TOTAL LABOUR HOURS: | O26: =(D3*E3)+(D4*E4)+(D5*E5)+(D6*E6)+(D7*E7)+(D8*E8)+(D9*E9)+(D10*E10)+(D11*E11)+(D12*E12)+(D13*E13)+(D14*E14)+(D15*E15)+(D16*E16)+(D17*E17)+(D18*E18)+(D19*E19)+(D20*E20)+(D21*E21)+(D22*E22)+(D23*E23)+(D24*E24)+(D25*E25)+(D26*E26)+(D27*E27)+(D28*E28)+(D29*E29)+(D30*E30)+(D31*E31)+(D32*E32)+(D33*E33)+(D34*E34)+(D35*E35)+(D36*E36)+(D37*E37)+(D38*E38)+(D39*E39)+(D40*E40)+(D41*E41)+(D42*E42)+(D43*E43)+(D44*E44)+(D45*E45)+(D46*E46)+(D47*E47)+(D48*E48)+(D49*E49)+(D50*E50)+(D51*E51)+(D52*E52)+(D53*E53)+(D54*E54)+(D55*E55)+(D56*E56)+(D57*E57)+(D58*E58)+(D59*E59)+(D60*E60)+(D61*E61)+(D62*E62)+(D63*E63)+(D64*E64)+(D65*E65)+(D66*E66)+(D67*E67)+(D68*E68)+(D69*E69)+(D70*E70)+(D71*E71)+(D72*E72)+(D73*E73)+(D74*E74)+(D75*E75)+(D76*E76)+(D77*E77)+(D78*E78)+(D79*E79)+(D80*E80)+(D81*E81)+(D82*E82)+(D83*E83)+(D84*E84)+(D85*E85)+(D86*E86)+(D87*E87)+(D88*E88)+(D89*E89)+(D90*E90)+(D91*E91)+(D92*E92)+(D93*E93)+(D94*E94)+(D95*E95)+(D96*E96)+(D97*E97)+(D98*E98)+(D99*E99)+(D100*E100)+(D101*E101) -> 245.5
B27: #0445 | C27: DPV | D27: 2 | E27: 1 | F27: WA | G27: No | H27: No | I27: CLOSED | J27: FALSE | K27: FALSE | L27: FALSE
A28: N | B28: #0460 | C28: DPV | D28: 3 | E28: 2 | F28: FA, WA | G28: No | H28: Yes | I28: Sept 25/25 | J28: FALSE | K28: FALSE | L28: FALSE
A29: Y | B29: #0462 | C29: DONE WITH ANNUAL | D29: 1.5 | E29: 1 | F29: WA | G29: No | H29: Yes | I29: 45792 | J29: FALSE | K29: FALSE | L29: FALSE
A30: N | B30: #0509 | C30: DPV | D30: 2 | E30: 1 | F30: WA | G30: No | H30: No | I30: CLOSED | J30: FALSE | K30: FALSE | L30: FALSE
A31: Y | B31: #0512 | C31: DPV | D31: 2.5 | E31: 1 | F31: WA | G31: Yes | H31: Yes | I31: 45880 | J31: TRUE | K31: FALSE | L31: FALSE
A32: N | B32: #0514 | C32: DPV | D32: 2 | E32: 1 | F32: WA | G32: Yes | H32: Yes | I32: 45434 | J32: FALSE | K32: FALSE | L32: FALSE
A33: N | B33: #0515 | C33: DPV | D33: 4.5 | E33: 2 | F33: WA | G33: Yes | H33: Yes | I33: 45484 | J33: FALSE | K33: FALSE | L33: FALSE
A34: Y | B34: #0516 | C34: DPV | D34: 4 | E34: 2 | F34: WA | G34: Yes | H34: Yes | I34: 45758 | J34: TRUE | K34: TRUE | L34: TRUE
A35: Y | B35: #0518 | C35: DPV | D35: 8 | E35: 2 | F35: WA | G35: Yes | H35: No | I35: 45883 | J35: TRUE | K35: FALSE | L35: FALSE
B36: #0520 | C36: DPV | D36: 16 | E36: 2 | F36: WA | G36: No | H36: Yes | I36: CLOSED ACCOUNT | J36: FALSE | K36: FALSE | L36: FALSE
A37: Y | B37: #0523 | C37: DPV | D37: 2 | E37: 1 | F37: WA | G37: Yes | H37: No | I37: 45880 | J37: TRUE | K37: FALSE | L37: FALSE
A38: Y | B38: #0529 | C38: DPV | D38: 2 | E38: 1 | F38: WA | G38: Yes | H38: No | I38: 45889 | J38: TRUE | K38: FALSE | L38: FALSE
A39: Y | B39: #0533 | C39: DPV | D39: 4 | E39: 2 | F39: FA, WA | G39: Yes | H39: Yes | I39: 45889 | J39: TRUE | K39: FALSE | L39: FALSE
A40: Y | B40: #0570 | C40: DPV | D40: 2 | E40: 1 | F40: WA | G40: Yes | H40: Yes | I40: 45890 | J40: TRUE | K40: FALSE | L40: FALSE
A41: Y | B41: #0627 | C41: DPV | D41: 3.5 | E41: 2 | F41: FA, WA | G41: Yes | H41: No | I41: 45870 | J41: TRUE | K41: FALSE | L41: FALSE
A42: Y | B42: #0629 | C42: DPV | D42: 5 | E42: 2 | F42: WA | G42: Yes | H42: Yes | I42: 45891 | J42: TRUE | K42: FALSE | L42: FALSE
A43: N | B43: #0644 | C43: DPV | D43: 1.5 | E43: 1 | F43: WA | G43: Yes | H43: No | I43: Sept 25/25 | J43: FALSE | K43: FALSE | L43: FALSE
B44: #0677 | C44: DPV | D44: 4 | E44: 2 | F44: FA, WA | G44: No | H44: No | I44: CLOSED ACCOUNT | J44: FALSE | K44: FALSE | L44: FALSE
B45: #0678 | C45: DPV | D45: 1.5 | E45: 1 | F45: WA | G45: No | H45: Yes | I45: CLOSED ACCOUNT | J45: FALSE | K45: FALSE | L45: FALSE
A46: Y | B46: #0690 | C46: DPV | D46: 1.5 | E46: 1 | F46: WA | G46: No | H46: No | I46: 45883 | J46: TRUE | K46: FALSE | L46: FALSE
A47: Y | B47: #0696 | C47: DPV | D47: 5 | E47: 2 | F47: WA | G47: Yes | H47: Yes | I47: 45888 | J47: TRUE | K47: FALSE | L47: FALSE
A48: N | B48: #0712 | C48: DPV | D48: 1.5 | E48: 1 | F48: WA | G48: Yes | H48: Yes | I48: Sept 23/25 | J48: TRUE | K48: FALSE | L48: FALSE
A49: Y | B49: #0741 | C49: DPV | D49: 3 | E49: 1 | F49: WA | G49: Yes | H49: No | I49: 45897 | J49: TRUE | K49: FALSE | L49: FALSE
A50: N | B50: #0759 | C50: DPV | D50: 3 | E50: 2 | F50: WA | G50: No | H50: No | I50: Repairs requried 1st | J50: FALSE | K50: FALSE | L50: FALSE
A51: N | B51: #0782 | C51: DPV | I51: sept 25/25 | J51: TRUE | K51: FALSE | L51: FALSE
A52: N | B52: #0783 | C52: DPV | I52: sept 25/25 | J52: FALSE | K52: FALSE | L52: FALSE
A53: N | B53: #0786 | C53: DPV
B54: #0808 | C54: DPV | D54: 2.5 | E54: 2 | F54: WA | G54: Y | H54: Y

Sheet MAY
B1: MAY | K1: TECH REPORTS
A2: ANNUAL AGREEMENT SIGNED? | B2: FILE # | C2: CITY | D2: SERVICE TYPE | E2: # OF HRS REQ | F2: # OF TECHS | G2: STAMP/S REQ | H2: CONTRACTOR | I2: KEYS | J2: LAST COMPLETED | K2: REPORT IN EMAIL | L2: REPAIRS NEEDED | M2: REPORT COMPLETE | N2: ANNUAL REPORT SENT | O2: ASA sent | Q2: STAMP | R2: DEFINITION
A3: FALSE | B3: #0001 | C3: Vancouver | D3: Annual | E3: 3 | F3: 2 | G3: FA, EX, EM | H3: No | I3: No | J3: 45791 | K3: TRUE | L3: TRUE | M3: TRUE | N3: TRUE | O3: TRUE | Q3: FA | R3: Fire Alarm
A4: FALSE | B4: #0013 | C4: Surrey | D4: Annual | E4: 1 | F4: 1 | G4: EX, EM | H4: No | I4: No | J4: 45884 | K4: TRUE | L4: FALSE | M4: TRUE | N4: TRUE | O4: FALSE | P4: Moved to Aug tab | Q4: WA | R4: Sprinkler | U4: sent email (service schedule) aug 1st, 2025
A5: FALSE | B5: #0059 | C5: Vancouver | D5: ANNUAL | E5: 2 | F5: 1 | G5: EX, EM | H5: No | I5: No | J5: CLOSED | K5: FALSE | L5: FALSE | M5: FALSE | N5: FALSE | O5: FALSE | Q5: EX | R5: Fire Extinguisher | U5: sent email (service schedule) aug 1st, 2025
A6: FALSE | B6: #0070 | C6: Richmond | D6: DPV, BF, Fire Pump | E6: 4.5 | F6: 2 | G6: FA, WA, BF | H6: Yes | I6: Yes | J6: 45798 | K6: TRUE | L6: TRUE | M6: TRUE | N6: TRUE | O6: TRUE | P6: Please find the attached 2025 annual inspection report and after service advisory for this property. | Q6: EM | R6: Emergency Lights | U6: Remark: | V6: #0070-1 | W6: Tank due for HST service in May, 2024 as per Pat @ Great West. Job starts at 7:00am. Please confirm the HST charges with Pat. Dec 18/23 LM
A7: FALSE | B7: #0070-1 | C7: Richmond | D7: Kitchen | E7: 1 | F7: 1 | G7: FA | H7: Yes | I7: No | J7: 45797 | K7: TRUE | L7: FALSE | M7: FALSE | N7: FALSE | O7: FALSE | Q7: BF | R7: Backflow
A8: FALSE | B8: #0078 | C8: Vancouver | D8: Annual | E8: 3.5 | F8: 2 | G8: FA, EX, EM, WA | H8: No | I8: No | J8: 45877 | K8: TRUE | L8: TRUE | M8: TRUE | N8: TRUE | O8: FALSE | P8: Moved to Aug tab | Q8: SM | R8: Smoke Control
A9: FALSE | B9: #0086 | C9: Vancouver | D9: Annual | E9: 2 | F9: 2 | G9: FA, EX, EL | J9: 45884 | K9: FALSE | L9: FALSE | M9: FALSE | N9: FALSE | O9: FALSE | P9: No reply | U9: Sent email(service schedule) Aug 1st, 2025
A10: FALSE | B10: #0088 | C10: Vancouver | D10: Annual | E10: 2.5 | F10: 2 | G10: FA, EX, WA, BF | H10: No | I10: No | J10: 45814 | K10: TRUE | L10: TRUE | M10: TRUE | N10: TRUE | O10: TRUE | U10: 2025 Remark: | V10: #0088 | W10: Please also replace 15 sprinkler heads per ASA approved by Susan.
A11: TRUE | B11: #0209 | C11: Vancouver | D11: DPV & BF | E11: 1.5 | F11: 2 | G11: WA, BF | H11: Yes | I11: No | J11: 45882 | K11: TRUE | L11: FALSE | M11: FALSE | N11: FALSE | O11: FALSE | P11: BF done during annaul in Jan, 2025 | Q11: TECH | R11: STAMPS HELD
A12: FALSE | B12: #0210 | C12: Vancouver | D12: DPV & BF | E12: 2 | F12: 1 | G12: WA, BF | H12: Yes | I12: No | J12: 45783 | K12: TRUE | L12: TRUE | M12: TRUE | N12: TRUE | Q12: RS | R12: FA, WA, EX, EM
A13: FALSE | B13: #0219 | C13: Vancouver | D13: Annual | E13: 1.5 | F13: 1 | G13: EX, EM | H13: No | I13: No | J13: 45806 | K13: TRUE | L13: TRUE | M13: TRUE | N13: TRUE | O13: TRUE | Q13: CG | R13: FA, WA, EX, EM, BF, SM
A14: FALSE | B14: #0238 | C14: Vancouver | D14: Spring & BF | E14: 2 | F14: 1 | G14: WA, BF | H14: No | I14: Yes | J14: 45776 | K14: TRUE | L14: FALSE | M14: FALSE | N14: FALSE | O14: FALSE | Q14: CY | R14: FA, WA, EX, EM
A15: TRUE | B15: #0268 | C15: Vancouver | D15: Annual | E15: 8 | F15: 2 | G15: FA, WA, EX, EM, BF | H15: Yes | I15: Yes | J15: 45813 | K15: TRUE | L15: TRUE | M15: TRUE | N15: TRUE | O15: TRUE | Q15: MV | R15: FA, WA, EX, EM, BF & FITTER | U15: 0.01
A16: FALSE | B16: #0295 | C16: Vancouver | D16: Annual | E16: 3 | F16: 1 | G16: EX, EM | H16: No | I16: No | J16: 45813 | K16: TRUE | L16: TRUE | M16: TRUE | N16: TRUE | O16: TRUE | Q16: PM | R16: FA, WA, EX, EM
A17: FALSE | B17: #0302 | C17: Vancouver | D17: Annual & Kitchen | E17: 1 | F17: 1 | G17: EX, | H17: Yes | I17: Yes | J17: 45799 | K17: TRUE | L17: TRUE | M17: TRUE | N17: TRUE | O17: TRUE | Q17: RD | R17: BF
A18: FALSE | B18: #0309 | C18: Vancouver | D18: Annual | E18: 12 | F18: 2 | G18: FA, WA, EX, EM | H18: Yes | I18: Yes | J18: June 5 & 6/25 | K18: TRUE | L18: TRUE | M18: TRUE | N18: TRUE | O18: TRUE | Q18: GW | R18: FA, WA, EX, EM
A19: FALSE | B19: #0318 | C19: Richmond | D19: Spring | E19: 2.5 | F19: 2 | G19: FA, WA | H19: Yes | I19: Yes | J19: CLOSED | K19: FALSE | L19: FALSE | M19: FALSE | N19: FALSE | O19: FALSE | Q19: TS | R19: EX, EM, BF
A20: FALSE | B20: #0325 | C20: Vancouver | D20: Annual | E20: 1.5 | F20: 1 | G20: EX, EM | H20: No | I20: No | J20: 45819 | K20: TRUE | L20: FALSE | M20: TRUE | N20: TRUE | O20: FALSE
A21: FALSE | B21: #0325-1 | C21: Vancouver | D21: Annual | E21: 0.5 | F21: 1 | G21: EX | H21: No | I21: No | J21: 45819 | K21: TRUE | L21: FALSE | M21: TRUE | N21: TRUE | O21: FALSE
A22: FALSE | B22: #0331 | C22: New Westminister | D22: Annual | E22: 24 | F22: 2 | G22: FA, WA, EX, EM, BF | H22: Yes | I22: Yes | J22: June 11,12,13/25 | K22: TRUE | L22: TRUE | M22: TRUE | N22: TRUE | O22: TRUE
A23: TRUE | B23: #0381 | C23: Vancouver | D23: Annual | E23: 2 | F23: 2 | G23: FA, EX, EM | H23: No | I23: No | J23: Moved to August | K23: TRUE | L23: TRUE | M23: TRUE | N23: TRUE | O23: FALSE | Q23: COLOUR CODE | U23: Responsibility
A24: FALSE | B24: #0400 | C24: Burnaby | D24: Spring & Kitchen | E24: 6 | F24: 2 | G24: FA, WA | H24: Yes | I24: Yes | J24: 45811 | K24: TRUE | L24: TRUE | M24: TRUE | N24: TRUE | O24: TRUE | Q24: DUE | R24: Needs To Be Scheduled | T24: ## | U24: Scheduling Department
A25: TRUE | B25: #0417 | C25: Vancouver | D25: Annual | E25: 8 | F25: 2 | G25: FA, WA, EX, EM | H25: Yes | I25: Yes | J25: May 12 & July 23, 25 | K25: TRUE | L25: FALSE | M25: FALSE | N25: FALSE | O25: FALSE | Q25: SCHEDULED | R25: Scheduled & Confirmed | T25: ## | U25: Scheduling Department
A26: FALSE | B26: #0418 | C26: Vancouver | D26: Annual | E26: 3 | F26: 1 | G26: FA, WA, EX, EM, BF | H26: No | I26: No | J26: 45817 | K26: TRUE | L26: TRUE | M26: TRUE | N26: TRUE | O26: TRUE | P26: Moved to June tab | Q26: SEMI-COMPLETE | R26: Revisit Required To Complete Service | T26: ## | U26: Invoicing Department
A27: FALSE | B27: #0421 | C27: Vancouver | D27: Annual | E27: 5 | F27: 2 | G27: FA, WA, EX, EM, BF | H27: Yes | I27: Yes | J27: 45806 | K27: TRUE | L27: TRUE | M27: TRUE | N27: TRUE | O27: TRUE | Q27: COMPLETE | R27: Service 100% Complete | T27: ## | U27: Invoicing Department
A28: FALSE | B28: #0461 | C28: Vancouver | D28: Spring & BF | E28: 3 | F28: 2 | G28: FA, WA, BF | H28: No | I28: Yes | J28: CLOSED | K28: FALSE | L28: FALSE | M28: FALSE | N28: FALSE | O28: FALSE
A29: FALSE | B29: #0462 | C29: Vancouver | D29: Annual minus DPV | E29: 4.5 | F29: 2 | G29: FA, EX, EM | H29: Yes | I29: Yes | J29: 45792 | K29: TRUE | L29: TRUE | M29: TRUE | N29: TRUE | O29: TRUE
A30: FALSE | B30: #0490 | C30: Vancouver | D30: Annual | E30: 5 | F30: 2 | G30: FA, WA, EX, EM | H30: Yes | I30: No | J30: 45797 | K30: TRUE | L30: TRUE | M30: TRUE | N30: TRUE | O30: TRUE
A31: TRUE | B31: #0491 | C31: Vancouver | D31: Annual | E31: 4 | F31: 2 | G31: FA, WA, EX, EM | H31: No | I31: No | J31: 45798 | K31: TRUE | L31: TRUE | M31: TRUE | N31: TRUE | O31: TRUE | Q31: TOTAL LABOUR HOURS: | R31: =(E3*F3)+(E4*F4)+(E5*F5)+(E6*F6)+(E7*F7)+(E9*F9)+(E10*F10)+(E11*F11)+(E12*F12)+(E13*F13)+(E14*F14)+(E15*F15)+(E17*F17)+(E18*F18)+(E19*F19)+(E20*F20)+(E21*F21)+(E23*F23)+(E24*F24)+(E25*F25)+(E26*F26)+(E27*F27)+(E28*F28)+(E30*F30)+(E31*F31)+(E32*F32)+(E33*F33)+(E34*F34)+(E35*F35)+(E36*F36)+(E37*F37)+(E38*F38)+(JAN!E26*JAN!F26)+(E40*F40)+(E41*F41)+(E42*F42)+(E43*F43)+(E44*F44)+(E45*F45)+(E46*F46)+(E47*F47)+(E48*F48)+(E49*F49)+(E51*F51)+(E52*F52)+(E53*F53)+(E55*F55)+(E56*F56)+(E57*F57)+(E58*F58)+(F59*G59)+(E60*F60)+(E61*F61)+(E62*F62)+(E63*F63)+(E64*F64)+(E65*F65)+(E66*F66)+(E67*F67)+(E68*F68)+(E69*F69)+(E70*F70)+(E71*F71)+(E72*F72)+(E73*F73)+(E74*F74)+(E75*F75)+(E76*F76)+(E77*F77)+(E78*F78)+(E79*F79)+(E80*F80)+(E81*F81)+(E82*F82)+(E83*F83)+(E84*F84)+(E85*F85)+(E86*F86)+(E87*F87)+(E88*F88)+(E89*F89)+(E90*F90)+(E91*F91)+(E92*F92)+(E93*F93)+(E94*F94)+(E95*F95)+(E96*F96)+(E97*F97)+(E98*F98)+(E99*F99)+(E100*F100)+(E101*F101)+(E102*F102)+(E103*F103)+(E104*F104)+(E105*F105)+(E106*F106) -> #VALUE!
A32: FALSE | B32: #0528 | C32: Burnaby | D32: Annual | E32: 3 | F32: 2 | G32: FA, WA, EX, EM | H32: No | I32: No | J32: 45801 | K32: FALSE | L32: FALSE | M32: FALSE | N32: FALSE | O32: FALSE | P32: No reply
A33: FALSE | B33: #0545 | C33: Vancouver | D33: Annual | E33: 1 | F33: 1 | G33: EX, EM | H33: No | I33: No | J33: 45807 | K33: TRUE | L33: FALSE | M33: TRUE | N33: TRUE | O33: FALSE | Q33: TOTAL AVAILABLE LABOUR HOURS IN THE MONTH | T33: 708 | V33: Based on 4 Techs in the field. Derived by (days of month divided by 7 then times by 5) x (number of techs times by 8)
A34: TRUE | B34: #0548 | C34: Vancouver | D34: Annual | E34: 4 | F34: 2 | G34: FA, WA, EX, EM, BF | H34: No | I34: No | J34: 45807 | K34: TRUE | L34: TRUE | M34: TRUE | N34: TRUE | O34: TRUE
A35: TRUE | B35: #0557 | C35: Vancouver | D35: Annual | E35: 1.5 | F35: 1 | G35: EX, EM | H35: No | I35: No | J35: Sep 5, 25 | K35: TRUE | L35: FALSE | M35: TRUE | N35: TRUE | O35: FALSE | P35: Moved to Sept tab | Q35: REMAINING LABOUR HRS | S35: =T33-R31 -> #VALUE! | V35: Account for Spring service hours
A36: FALSE | B36: #0577 | C36: Vancouver | D36: Annual | E36: 5 | F36: 2 | G36: FA, WA, EX, EM, BF | H36: Yes | I36: No | J36: DISCONTINUED SERVICE | K36: FALSE | L36: FALSE | M36: FALSE | N36: FALSE | O36: FALSE
A37: FALSE | B37: #0578 | C37: Vancouver | D37: Annual | E37: 6 | F37: 2 | G37: FA, WA, EX, EM, BF | H37: Yes | I37: Yes | J37: DISCONTINUED SERVICE | K37: FALSE | L37: FALSE | M37: FALSE | N37: FALSE | O37: FALSE
A38: FALSE | B38: #0579 | C38: Vancouver | D38: Annual | E38: 6 | F38: 2 | G38: FA, WA, EX, EM, BF | H38: Yes | I38: Yes | J38: DISCONTINUED SERVICE | K38: FALSE | L38: FALSE | M38: FALSE | N38: FALSE | O38: FALSE
A40: TRUE | B40: #0598 | C40: Richmond | D40: Annual | E40: 24 | F40: 2 | G40: FA, WA, EX, EM, BF | H40: Yes | I40: No | J40: June 2-4, 25 | K40: TRUE | L40: TRUE | M40: TRUE | N40: TRUE | O40: TRUE
A41: FALSE | B41: #0602 | C41: Vancouver | D41: Annual | E41: 6 | F41: 2 | G41: FA, WA, EX, EM, BF | H41: No | I41: No | J41: 45799 | K41: TRUE | L41: TRUE | M41: TRUE | N41: TRUE | O41: TRUE
A42: FALSE | B42: #0661 | C42: North Vancouver | D42: Monthly & DPV | E42: 3.5 | F42: 1 | G42: FA, WA, EX, EM | H42: No | I42: Yes | J42: 45783 | K42: TRUE | L42: FALSE | M42: FALSE | N42: FALSE | O42: FALSE
A43: FALSE | B43: #0643 | C43: Vancouver | D43: Annual | E43: 3 | F43: 2 | G43: FA, EX, EM | H43: No | I43: No | J43: MOVED TO OCT | K43: FALSE | L43: FALSE | M43: FALSE | N43: FALSE | O43: FALSE
A44: FALSE | B44: #0695 | C44: Richmond | D44: Annual | F44: 1 | G44: EX, EM | H44: No | I44: No | J44: 45807 | K44: TRUE | L44: FALSE | M44: TRUE | N44: TRUE | O44: FALSE
A45: FALSE | B45: #0698 | C45: Vancouver | D45: DPV | E45: 8 | F45: 1 | G45: WA | H45: Yes | I45: Yes | J45: 45810 | K45: TRUE | L45: TRUE | M45: TRUE | N45: TRUE | O45: FALSE
A46: FALSE | B46: #0699 | C46: Vancouver | D46: DPV | E46: 8 | F46: 1 | G46: WA | H46: Yes | I46: No | J46: 45812 | K46: TRUE | L46: FALSE | M46: FALSE | N46: FALSE | O46: FALSE
A47: FALSE | B47: #0701 | C47: New Westminster | D47: Annual | E47: 24 | F47: 2 | G47: FA, WA, EX, EM, BF | H47: Yes | I47: Yes | J47: May 26-28, 25 | K47: TRUE | L47: TRUE | M47: TRUE | N47: TRUE | O47: TRUE
A48: FALSE | B48: #0734 | C48: Burnaby | D48: Annual | E48: 8 | F48: 2 | G48: FA, WA, EX, EM | H48: No | I48: No | J48: 45800 | K48: TRUE | L48: TRUE | M48: TRUE | N48: TRUE | O48: TRUE
A49: FALSE | B49: #0754 | C49: Vancouver | D49: Annual | E49: 1 | F49: 1 | G49: EX, EM | H49: No | I49: No | J49: 45798 | K49: TRUE | L49: TRUE | M49: TRUE | N49: TRUE | O49: TRUE
A50: FALSE | B50: #0762 | C50: Vancouver | D50: Annual | E50: 2.5 | F50: 2 | G50: BF, WA | H50: No | I50: No | J50: 45832 | K50: TRUE | L50: TRUE | M50: TRUE | N50: TRUE | O50: TRUE
A51: FALSE | B51: #0772 | C51: Vancouver | D51: ANNUAL | G51: FA, WA, EX, EM | J51: moved to Nov | K51: FALSE | L51: FALSE | M51: FALSE | N51: FALSE | O51: FALSE
A52: TRUE | B52: #0773 | C52: Richmond | D52: Kitchen | E52: 1 | F52: 1 | G52: FA | H52: Yes | J52: 45427 | K52: FALSE | L52: FALSE | M52: FALSE | N52: FALSE | O52: FALSE
A53: FALSE | B53: #0776 | C53: Vancouver | D53: Annual | E53: 1 | F53: 1 | G53: EX, EM | H53: No | I53: No | J53: 45814 | K53: TRUE | L53: FALSE | M53: TRUE | N53: TRUE | O53: FALSE | P53: Moved to June tab
A54: FALSE | B54: #0779 | C54: Vancouver | D54: Annual | E54: 12 | F54: 2 | G54: FA, EX, EM, WA, BF | J54: June 4-5, 25 | K54: TRUE | L54: TRUE | M54: TRUE | N54: TRUE | O54: TRUE
A55: FALSE | B55: #0799 | C55: Vancouver | D55: ANNUAL | E55: 8 | F55: 1 | G55: FA, EX, EM, WA | H55: No | I55: No | J55: 45784 | K55: TRUE | L55: TRUE | M55: TRUE | N55: TRUE | O55: TRUE
A56: FALSE | B56: #0799-1 | D56: ANNUAL | E56: 8 | F56: 1 | G56: FA, EX, EM, WA | H56: No | I56: No | J56: 45784 | K56: TRUE | L56: TRUE | M56: TRUE | N56: TRUE | O56: TRUE
A57: FALSE | B57: #0804 | C57: Richmond | D57: ANNUAL | E57: 1 | F57: 1 | G57: EX, EM | J57: 45785 | K57: TRUE | L57: FALSE | M57: FALSE | N57: FALSE | O57: FALSE
A58: FALSE | B58: #0227 | C58: Vancouver | D58: ANNUAL | E58: 1 | F58: 1 | G58: EX, EM | H58: No | I58: No | J58: 45790 | K58: TRUE | L58: TRUE | M58: TRUE | N58: TRUE | O58: TRUE
A59: FALSE | B59: #0462 | C59: Vancouver | D59: Annual minus DPV | E59: 4.5 | F59: 2 | G59: FA, EX, EM | H59: Yes | I59: Yes | J59: 45792 | K59: TRUE | L59: TRUE | M59: TRUE | N59: TRUE | O59: TRUE
E61: =SUM(E2:E59) -> 270.5

Sheet JUN
B1: JUNE | K1: TECH REPORTS
A2: ANNUAL AGREEMENT SIGNED? | B2: FILE # | C2: CITY | D2: SERVICE TYPE | E2: # OF HRS REQ | F2: # OF TECHS | G2: STAMP/S REQ | H2: CONTRACTOR | I2: KEYS | J2: LAST COMPLETED | K2: REPORT IN EMAIL | L2: REPAIRS NEEDED | M2: REPORT COMPLETE | N2: ANNUAL REPORT SENT | O2: ASA Sent | Q2: STAMP | S2: DEFINITION
A3: FALSE | B3: #0073 | C3: Vancouver | D3: Annual | E3: 32 | F3: 2 | G3: FA, EX, EM, WA, BF | H3: Yes | I3: Yes | J3: Moved to April | K3: TRUE | L3: TRUE | M3: TRUE | N3: TRUE | O3: TRUE | Q3: FA | S3: Fire Alarm
A4: FALSE | B4: #0127 | C4: Vancouver | D4: Annual | E4: 2 | F4: 2 | G4: FA, EX, EM | H4: No | I4: No | J4: Moved to April | K4: FALSE | L4: FALSE | M4: FALSE | N4: FALSE | O4: FALSE | Q4: WA | S4: Sprinkler
A5: FALSE | B5: #0148 | C5: Vancouver | D5: Annual | E5: 2.5 | F5: 1 | G5: EX | H5: No | I5: No | J5: Moved to Sept | K5: TRUE | L5: FALSE | M5: TRUE | N5: TRUE | O5: FALSE | Q5: EX | S5: Fire Extinguisher
A6: FALSE | B6: #0149 | C6: Vancouver | D6: Annual | E6: 2 | F6: 1 | G6: FA, EX | H6: No | I6: No | J6: Moved to Sept | K6: TRUE | L6: FALSE | M6: TRUE | N6: TRUE | O6: FALSE | Q6: EM | S6: Emergency Lights
A7: FALSE | B7: #0225 | C7: Vancouver | D7: Annual | E7: 8 | F7: 2 | G7: FA, WA, EX, EM, BF | H7: Yes | I7: Yes | J7: 45854 | K7: TRUE | L7: TRUE | M7: TRUE | N7: TRUE | O7: FALSE | Q7: BF | S7: Backflow
A8: FALSE | B8: #0225-1 | C8: Vancouver | D8: Annual | E8: 1.5 | F8: 2 | G8: EX, EM, BF | H8: Yes | I8: Yes | J8: 45854 | K8: TRUE | L8: TRUE | M8: TRUE | N8: TRUE | O8: FALSE | Q8: SM | S8: Smoke Control
A9: FALSE | B9: #0225-2 | C9: Vancouver | D9: Annual | E9: 1.5 | F9: 2 | G9: EX, EM, BF | H9: Yes | I9: Yes | J9: 45854 | K9: TRUE | L9: TRUE | M9: TRUE | N9: TRUE | O9: TRUE
A10: FALSE | B10: #0271 | C10: Vancouver | D10: Kitchen | E10: 1 | F10: 1 | G10: FA | H10: Yes | I10: Yes | K10: FALSE | L10: FALSE | M10: FALSE | N10: FALSE | O10: FALSE | Q10: TECH | S10: STAMPS HELD
A11: FALSE | B11: #0278 | C11: Vancouver | D11: Annual | E11: 16 | F11: 2 | G11: FA, WA, EX, EM, BF | H11: Yes | I11: Yes | J11: DENIED SERVICE | K11: FALSE | L11: FALSE | M11: FALSE | N11: FALSE | O11: FALSE | Q11: RS | S11: FA, WA, EX, EM
A12: FALSE | B12: #0298 | C12: North Vancouver | D12: Annual | J12: 45835 | K12: TRUE | L12: TRUE | M12: TRUE | N12: TRUE | O12: TRUE | Q12: CG | S12: FA, WA, EX, EM, BF, SM
A13: TRUE | B13: #0301 | C13: Vancouver | D13: Kitchen | E13: 1 | F13: 1 | G13: FA | H13: Yes | I13: Yes | J13: 45849 | K13: TRUE | L13: FALSE | M13: FALSE | N13: FALSE | O13: FALSE | Q13: CY | S13: FA, WA, EX, EM
A14: FALSE | B14: #0323 | C14: Vancouver | D14: Kitchens | E14: 2 | F14: 1 | G14: FA | H14: Yes | I14: Yes | J14: 45783 | K14: TRUE | L14: FALSE | M14: FALSE | N14: FALSE | O14: FALSE | Q14: MV | S14: FA, WA, EX, EM, BF & FITTER
A15: FALSE | B15: #0349 | C15: Vancouver | D15: Annual | E15: 2 | F15: 2 | G15: EX, EM, BF | H15: No | I15: No | J15: 45835 | K15: TRUE | L15: FALSE | M15: TRUE | N15: TRUE | O15: FALSE | Q15: PM | S15: FA, WA, EX, EM
A16: TRUE | B16: #0357 | C16: Vancouver | D16: Annual, Fire Pump & Kitchen | E16: 20 | F16: 2 | G16: FA, WA, EX, EM, BF | H16: Yes | I16: No | J16: Jun 24-26 + Jul 9, 25 | K16: TRUE | L16: TRUE | M16: TRUE | N16: TRUE | O16: TRUE | Q16: RD | S16: TRAINEE
A17: FALSE | B17: #0391 | C17: Vancouver | D17: Annual | E17: 4 | F17: 2 | G17: FA, WA, EX, EM, BF | H17: No | I17: Yes | J17: 45847 | K17: TRUE | L17: TRUE | M17: TRUE | N17: TRUE | O17: TRUE | Q17: TS | S17: EX, EM, BF
A18: FALSE | B18: #0392 | C18: Vancouver | D18: Annual | E18: 16 | F18: 2 | G18: FA, WA, EX, EM | H18: Yes | I18: Yes | J18: June 9 & 10/25 | K18: TRUE | L18: TRUE | M18: TRUE | N18: TRUE | O18: TRUE
A19: FALSE | B19: #0414 | C19: Vancouver | D19: Annual | E19: 1 | F19: 1 | G19: EX, EM | H19: No | I19: No | J19: 45848 | K19: TRUE | L19: FALSE | M19: TRUE | N19: TRUE | O19: FALSE
A20: FALSE | B20: #0420 | C20: Vancouver | D20: Annual | E20: 12 | F20: 2 | G20: FA, WA, EX, EM | H20: Yes | I20: Yes | J20: 45852 | K20: TRUE | L20: TRUE | M20: TRUE | N20: TRUE | O20: TRUE | Q20: COLOUR CODE | V20: Responsibility
A21: FALSE | B21: #0422 | C21: Vancouver | D21: Annual & Suppression | E21: 2.5 | F21: 2 | G21: FA, EX, EM | H21: Yes | I21: No | J21: 45848 | K21: TRUE | L21: FALSE | M21: TRUE | N21: TRUE | O21: FALSE | Q21: DUE | S21: Needs To Be Scheduled | U21: ## | V21: Scheduling Department
A22: FALSE | B22: #0444 | C22: Vancouver | D22: Dry SPRING & Wet Sprinkler | E22: 3 | F22: 1 | G22: WA | H22: No | I22: No | J22: 45847 | K22: TRUE | L22: FALSE | M22: FALSE | N22: FALSE | O22: FALSE | Q22: SCHEDULED | S22: Scheduled & Confirmed | U22: ## | V22: Scheduling Department
A23: FALSE | B23: #0447 | C23: Vancouver | D23: Spring & Kitchen | E23: 4.5 | F23: 1 | G23: FA, WA | H23: Yes | I23: Yes | J23: Jun 26 & Jul 7, 25 | K23: TRUE | L23: FALSE | M23: FALSE | N23: FALSE | O23: FALSE | Q23: SEMI-COMPLETE | S23: Revisit Required To Complete Service | U23: ## | V23: Invoicing Department
A24: FALSE | B24: #0479 | C24: Vancouver | D24: Annual | E24: 10 | F24: 2 | G24: FA, WA, EX, EM, BF | H24: No | I24: Yes | J24: June 16-17, 25 | K24: TRUE | L24: TRUE | M24: TRUE | N24: TRUE | O24: TRUE | Q24: COMPLETE | S24: Service 100% Complete | U24: ## | V24: Invoicing Department
A25: FALSE | B25: #0494 | C25: Vancouver | D25: Annual | E25: 3 | F25: 2 | G25: FA, WA, EX, EM | H25: No | I25: Yes | J25: 45828 | K25: TRUE | L25: TRUE | M25: TRUE | N25: TRUE | O25: TRUE
A26: FALSE | B26: #0495 | C26: Vancouver | D26: Annual | E26: 1 | F26: 1 | G26: EX, EM | H26: No | I26: No | J26: 45810 | K26: TRUE | L26: FALSE | M26: TRUE | N26: TRUE | O26: FALSE | Q26: TOTAL LABOUR HOURS: | S26: =(E3*F3)+(E4*F4)+(E5*F5)+(E6*F6)+(E7*F7)+(E8*F8)+(E9*F9)+(E10*F10)+(E11*F11)+(E12*F12)+(E13*F13)+(E14*F14)+(E15*F15)+(E16*F16)+(E17*F17)+(E18*F18)+(E19*F19)+(E20*F20)+(E21*F21)+(E22*F22)+(E23*F23)+(E24*F24)+(E25*F25)+(E26*F26)+(E27*F27)+(E28*F28)+(E29*F29)+(E30*F30)+(E32*F32)+(E33*F33)+(E34*F34)+(E35*F35)+(E36*F36)+(E37*F37)+(E38*F38)+(E39*F39)+(E40*F40)+(E41*F41)+(E42*F42)+(E43*F43)+(E44*F44)+(E45*F45)+(E46*F46)+(E47*F47)+(E48*F48)+(E49*F49)+(E50*F50)+(E51*F51)+(E52*F52)+(E53*F53)+(E54*F54)+(E55*F55)+(E56*F56)+(E57*F57)+(E58*F58)+(E59*F59)+(E60*F60)+(E61*F61)+(E62*F62)+(E63*F63)+(E64*F64)+(E65*F65)+(E66*F66)+(E67*F67)+(E68*F68)+(E69*F69)+(E70*F70)+(E71*F71)+(E72*F72)+(E73*F73)+(E74*F74)+(E75*F75)+(E76*F76)+(E77*F77)+(E78*F78)+(E79*F79)+(E80*F80)+(E81*F81)+(E82*F82)+(E83*F83)+(E84*F84)+(E85*F85)+(E86*F86)+(E87*F87)+(E88*F88)+(E89*F89)+(E90*F90)+(E91*F91)+(E92*F92)+(E93*F93)+(E94*F94)+(E95*F95)+(E96*F96)+(E97*F97)+(E98*F98)+(E99*F99)+(E100*F100)+(E101*F101) -> 571.5
A27: FALSE | B27: #0498 | C27: Port Coquitlam | D27: Annual | E27: 8 | F27: 3 | G27: WA, EX, EM | H27: Yes | I27: No | J27: CLOSED | K27: TRUE | L27: TRUE | M27: TRUE | N27: TRUE | O27: TRUE | P27: Moved to Oct tab
A28: FALSE | B28: #0499 | C28: Vancouver | D28: Annual | G28: FA, EX, EM, WA | H28: No | I28: Yes | J28: CLOSED | K28: TRUE | L28: TRUE | M28: TRUE | N28: TRUE | O28: TRUE | Q28: TOTAL AVAILABLE LABOUR HOURS IN THE MONTH | U28: 685 | W28: Based on 4 Techs in the field. Derived by (days of month divided by 7 then times by 5) x (number of techs times by 8)
A29: TRUE | B29: #0551 | C29: Burnaby | D29: Annual | E29: 3 | F29: 2 | G29: FA, EX, EM, BF | H29: No | I29: Yes | J29: 45825 | K29: TRUE | L29: TRUE | M29: TRUE | N29: TRUE | O29: TRUE
A30: FALSE | B30: #0562 | C30: Surrey | D30: BF | E30: 1 | F30: 1 | G30: BF | H30: No | I30: No | J30: CLOSED | K30: FALSE | L30: FALSE | M30: FALSE | N30: FALSE | O30: FALSE | Q30: REMAINING LABOUR HRS | T30: =U28-S26 -> 113.5 | W30: Account for Spring service hours
A31: FALSE | B31: #0599 | C31: Vancouver | D31: Annual | E31: 3 | F31: 2 | G31: FA, EX, EM, BF | H31: No | I31: No | J31: 45894 | K31: TRUE | L31: TRUE | M31: TRUE | N31: TRUE | O31: TRUE
A32: FALSE | B32: #0607 | C32: Vancouver | D32: Annual | E32: 1 | F32: 1 | G32: EX, EM | H32: No | I32: No | J32: 45877 | K32: TRUE | L32: TRUE | M32: TRUE | N32: TRUE | O32: TRUE
A33: TRUE | B33: #0608 | C33: Vancouver | D33: Annual | E33: 1 | F33: 0.5 | G33: EX | H33: No | I33: No | J33: MOVED, NO LONGER NEEDED | K33: FALSE | L33: FALSE | M33: FALSE | N33: FALSE | O33: FALSE | Q33: close file?
A34: FALSE | B34: #0612 | C34: Vancouver | D34: Annual | E34: 16 | F34: 2 | G34: FA, WA, EX, EM, BF | H34: Yes | I34: Yes | J34: Jun 23-24, 25 | K34: TRUE | L34: TRUE | M34: TRUE | N34: TRUE | O34: TRUE
A35: FALSE | B35: #0635 | C35: Vancouver | D35: DPV & Archive Rm | E35: 2.5 | F35: 1 | G35: WA, EX | H35: No | I35: No | J35: 45890 | K35: FALSE | L35: FALSE | M35: FALSE | N35: FALSE | O35: FALSE
A36: FALSE | B36: #0654 | C36: Vancouver | D36: Annual | E36: 24 | F36: 2.5 | G36: FA, WA, EX, EM | H36: Yes | I36: Yes | J36: Discontinued Service | K36: FALSE | L36: FALSE | M36: FALSE | N36: FALSE | O36: FALSE
A37: FALSE | B37: #0656 | C37: Vancouver | D37: Annual | E37: 8 | F37: 2 | G37: FA, WA, EX, EM, BF | H37: Yes | I37: Yes | J37: Discontinued Service | K37: FALSE | L37: FALSE | M37: FALSE | N37: FALSE | O37: FALSE
A38: FALSE | B38: #0657 | C38: Vancouver | D38: Annual | E38: 1.5 | F38: 1 | G38: EX, EM | H38: No | I38: No | J38: 45447 | K38: FALSE | L38: FALSE | M38: FALSE | N38: FALSE | O38: FALSE
A39: FALSE | B39: #0659 | C39: Vancouver | D39: Annual | E39: 2 | F39: 1 | G39: WA, EX, EM, BF | H39: No | I39: No | J39: 45832 | K39: TRUE | L39: TRUE | M39: TRUE | N39: TRUE | O39: TRUE
A40: FALSE | B40: #0661 | C40: North Vancouver | D40: Monthly | E40: 2 | F40: 1 | G40: FA, WA, EX, EM | H40: No | I40: Yes | J40: 45811 | K40: TRUE | L40: TRUE | M40: TRUE | N40: TRUE | O40: TRUE
A41: FALSE | B41: #0698 | C41: Vancouver | D41: Annual minus DPV | E41: 22 | F41: 2 | G41: FA, WA, EX, EM, BF | H41: Yes | I41: Yes | J41: June 16-18, 25 | K41: TRUE | L41: TRUE | M41: TRUE | N41: TRUE | O41: TRUE
A42: FALSE | B42: #0699 | C42: Vancouver | D42: Annual minus DPV | E42: 12 | F42: 2 | G42: FA, WA, EX, EM | H42: Yes | I42: Yes | J42: June 19-20, 25 | K42: TRUE | L42: TRUE | M42: TRUE | N42: TRUE | O42: TRUE
A43: FALSE | B43: #0702 | C43: Burnaby | D43: Annual | E43: 3 | F43: 1 | G43: WA, EX, EM | H43: No | I43: No | J43: REFUSED SERVICE | K43: FALSE | L43: FALSE | M43: FALSE | N43: FALSE | O43: FALSE
A44: FALSE | B44: #0704 | C44: Vancouver | D44: Annual | E44: 1.5 | F44: 1 | G44: BF | H44: No | I44: No | J44: 45447 | K44: FALSE | L44: FALSE | M44: FALSE | N44: FALSE | O44: FALSE
A45: FALSE | B45: #0735 | C45: Vancouver | D45: Annual | E45: 1 | F45: 1 | G45: EX, EM | H45: No | I45: No | J45: 45868 | K45: TRUE | L45: FALSE | M45: TRUE | N45: TRUE | O45: FALSE
A46: FALSE | B46: #0737 | C46: Vancouver | D46: Annual | E46: 1 | F46: 1 | G46: WA | H46: No | I46: No | J46: Emailed | K46: FALSE | L46: FALSE | M46: FALSE | N46: FALSE | O46: FALSE
A47: FALSE | B47: #0739 | C47: Port Coquitlam | D47: Annual | E47: 0.5 | F47: 1 | G47: EX | H47: No | I47: No | J47: Moved to Sept | K47: TRUE | L47: FALSE | M47: TRUE | N47: TRUE | O47: FALSE
A48: FALSE | B48: #0746 | C48: Vancouver | D48: Annual | E48: 8 | F48: 2 | G48: FA, WA, EX, EM, BF | H48: No | I48: No | J48: DISCONTINUED SERVICE | K48: FALSE | L48: FALSE | M48: FALSE | N48: FALSE | O48: FALSE
A49: FALSE | B49: #0437 | C49: Vancouver | D49: Full Annual | E49: 3 | F49: 2 | G49: FA, EX, EM | H49: No | I49: Yes | J49: 45686 | K49: FALSE | L49: FALSE | M49: FALSE | N49: FALSE | O49: FALSE | P49: Moved to Jan tab | Q49: FACP was replaced Aug.2024
A50: FALSE | B50: #0760 | C50: Vancouver | D50: Annual | E50: 1 | F50: 1 | G50: EX, EM | H50: No | I50: No | J50: 45810 | K50: TRUE | L50: FALSE | M50: TRUE | N50: TRUE | O50: FALSE
A51: FALSE | B51: #0779 | C51: Vancouver | D51: Annual | E51: 12 | F51: 2 | G51: FA, EX, EM, WA, | H51: No | I51: Yes | J51: 45813 | K51: TRUE | L51: TRUE | M51: TRUE | N51: TRUE | O51: TRUE
A52: FALSE | B52: #0048-1 | C52: Vancouver | D52: Annual | E52: 1 | F52: 1 | G52: EX, EM | H52: No | I52: No | J52: 45828 | K52: TRUE | L52: FALSE | M52: TRUE | N52: TRUE | O52: FALSE
A53: FALSE | B53: #0744 | C53: Bowen Island | D53: Annual & Hydrant | E53: 8 | F53: 2 | G53: WA, EX, EM, BF | H53: Yes | I53: No | J53: 45810 | K53: TRUE | L53: TRUE | M53: TRUE | N53: TRUE | O53: TRUE
A54: FALSE | B54: #0806 | C54: Vancouver | D54: Annual | E54: 1 | F54: 1 | G54: EX, EM | H54: No | I54: No | J54: 45835 | K54: TRUE | L54: TRUE | M54: TRUE | N54: TRUE | O54: TRUE
A55: FALSE | B55: #0418 | C55: Vancouver | D55: Annual | E55: 3 | F55: 1 | G55: FA, WA, EX, EM, BF | H55: No | I55: No | J55: 45817 | K55: TRUE | L55: TRUE | M55: TRUE | N55: TRUE | O55: TRUE
A56: FALSE | B56: #0048-1 | C56: Vancouver | D56: Annual | E56: 1 | F56: 1 | G56: EX, EM | H56: No | I56: No | J56: 45828 | K56: FALSE | L56: FALSE | M56: TRUE | N56: TRUE | O56: FALSE
A57: FALSE | K57: FALSE | L57: FALSE | M57: FALSE | N57: FALSE | O57: FALSE
E58: =SUM(E3:E57) -> 300.5

Sheet JUL
B1: JULY | K1: TECH REPORTS
A2: ANNUAL AGREEMENT SIGNED? | B2: FILE # | C2: CITY | D2: SERVICE TYPE | E2: # OF HRS REQ | F2: # OF TECHS | G2: STAMP/S REQ | H2: CONTRACTOR | I2: KEYS | J2: LAST COMPLETED | K2: REPORT IN EMAIL | L2: REPAIRS NEEDED | M2: REPORT COMPLETE | N2: ANNUAL REPORT SENT | O2: ASA sent | P2: NOTES | Q2: STAMP | R2: DEFINITION
A3: FALSE | B3: #0018 | C3: Vancouver | D3: Annual | E3: 2.5 | F3: 1 | G3: EX, WA | H3: No | I3: No | J3: CLOSED | K3: FALSE | L3: FALSE | M3: FALSE | N3: FALSE | O3: FALSE | P3: Missing | Q3: FA | R3: Fire Alarm
A4: FALSE | B4: #0058 | C4: Vancouver | D4: Annual | E4: 1 | F4: 1 | G4: EX, EM | H4: No | I4: No | J4: 45855 | K4: TRUE | L4: FALSE | M4: TRUE | N4: TRUE | O4: FALSE
A5: FALSE | B5: #0101 | C5: Burnaby | D5: Annual | E5: 2 | F5: 1 | G5: EX, EM | H5: No | I5: No | J5: 45849 | K5: TRUE | L5: FALSE | M5: TRUE | N5: TRUE | O5: FALSE | Q5: WA | R5: Sprinkler
A6: FALSE | B6: #0117 | C6: Vancouver | D6: Annual | E6: 6 | F6: 2 | G6: FA, WA, EX, EM | H6: No | I6: No | J6: CLOSED | K6: TRUE | L6: TRUE | M6: TRUE | N6: TRUE | O6: TRUE | Q6: EX | R6: Fire Extinguisher
A7: FALSE | B7: #0133 | C7: Vancouver | D7: Annual | E7: 1 | F7: 1 | G7: EX, EM | H7: No | I7: No | J7: CLOSED | K7: FALSE | L7: FALSE | M7: FALSE | N7: FALSE | O7: FALSE | Q7: EM | R7: Emergency Lights
A8: FALSE | B8: #0164 | C8: Vancouver | D8: Annual | E8: 2 | F8: 1 | G8: FA, EX, EM | H8: No | I8: No | J8: 45861 | K8: TRUE | L8: TRUE | M8: TRUE | N8: TRUE | O8: TRUE | P8: Missing | Q8: BF | R8: Backflow
A9: FALSE | B9: #0172 | C9: Vancouver | D9: Annual | E9: 8 | F9: 2 | G9: EX, EM, FA, WA, BF | H9: Yes | I9: No | J9: CLOSED | K9: TRUE | L9: TRUE | M9: TRUE | N9: TRUE | O9: TRUE | Q9: SM | R9: Smoke Control
A10: FALSE | B10: #0191 | C10: Port Coquitlam | D10: BF (4) - 2 in pit (Wells) | E10: 1.5 | F10: 1 | G10: BF | H10: Yes | I10: No | J10: DO WITH NOV ANNUAL | K10: FALSE | L10: FALSE | M10: FALSE | N10: FALSE | O10: FALSE
A11: TRUE | B11: #0229 | C11: Maple Ridge | D11: Annual & Hydrant Minus In-Suites | E11: 2 | F11: 2 | G11: EX, EM | H11: Yes | I11: No | J11: 45889 | K11: TRUE | L11: FALSE | M11: TRUE | N11: TRUE | O11: FALSE | Q11: TECH | R11: STAMPS HELD
A12: FALSE | B12: #0250 | C12: Vancouver | D12: Annual | E12: 8 | F12: 2 | G12: FA, WA, EX, EM, BF | H12: Yes | I12: Yes | J12: Jul 3-4, 25 | K12: TRUE | L12: TRUE | M12: TRUE | N12: TRUE | O12: TRUE | Q12: RS | R12: FA, WA, EX, EM
A13: FALSE | B13: #0305 | C13: Burnaby | D13: Annual | E13: 16 | F13: 2 | G13: FA, WA, EX, EM, BF | H13: No | I13: Yes | J13: CLOSED | K13: FALSE | L13: FALSE | M13: FALSE | N13: FALSE | O13: FALSE | P13: panel to be replaced, holding off on annual | Q13: CG | R13: FA, WA, EX, EM, BF, SM
A14: FALSE | B14: #0306 | C14: Vancouver | D14: Annual | E14: 16 | F14: 2 | G14: FA, WA, EX, EM, BF | H14: Yes | I14: Yes | J14: Jul 7-8, 25 | K14: TRUE | L14: TRUE | M14: TRUE | N14: TRUE | O14: TRUE | Q14: CY | R14: FA, WA, EX, EM
A15: FALSE | B15: #0328 | C15: Vancouver | D15: Annual | E15: 5 | F15: 2 | G15: WA, EX, EM, BF | H15: No | I15: Yes | J15: Moved to August | K15: TRUE | L15: TRUE | M15: TRUE | N15: TRUE | O15: TRUE | Q15: MV | R15: FA, WA, EX, EM, BF & FITTER
A16: FALSE | B16: #0341 | C16: Vancouver | D16: Annual | E16: 16 | F16: 2 | G16: FA, WA, EX, EM, BF | H16: Yes | I16: Yes | J16: 45860 | K16: TRUE | L16: TRUE | M16: TRUE | N16: TRUE | O16: TRUE | Q16: PM | R16: FA, WA, EX, EM
A17: FALSE | B17: #0342 | C17: Vancouver | D17: Annual | E17: 2 | F17: 1 | G17: WA, EX, BF | H17: No | I17: No | J17: 45845 | K17: TRUE | L17: TRUE | M17: TRUE | N17: TRUE | O17: TRUE | P17: Mid to late July requested | Q17: RD | R17: TRAINEE
A18: FALSE | B18: #0382 | C18: Vancouver | D18: Annual | E18: 2 | F18: 2 | G18: FA, EX, EM, BF | H18: No | I18: Yes | J18: 45868 | K18: TRUE | L18: TRUE | M18: TRUE | N18: TRUE | O18: TRUE | Q18: GW | R18: FA, WA, EX, EM
A19: FALSE | B19: #0419 | C19: Langley | D19: Annual | E19: 3 | F19: 2 | G19: FA, WA, EX, EM | H19: No | I19: No | J19: 45877 | K19: TRUE | L19: TRUE | M19: TRUE | N19: TRUE | O19: TRUE
A20: TRUE | B20: #0424 | C20: Vancouver | D20: EX, EM, DPV | E20: 3.5 | F20: 2 | G20: WA, EX, EM | H20: No | I20: Yes | J20: 45880 | K20: TRUE | L20: FALSE | M20: FALSE | N20: FALSE | O20: FALSE
A21: FALSE | B21: #0430 | C21: Port Coquitlam | D21: Annual | E21: 2 | F21: 1 | G21: WA | H21: No | I21: No | J21: 45869 | K21: TRUE | L21: TRUE | M21: TRUE | N21: TRUE | O21: TRUE
A22: FALSE | B22: #0432 | C22: Burnaby | D22: Annual | E22: 1 | F22: 1 | G22: EX, EM | H22: No | I22: No | J22: 45849 | K22: TRUE | L22: FALSE | M22: TRUE | N22: TRUE | O22: FALSE | Q22: COLOUR CODE | U22: Responsibility
A23: FALSE | B23: #0432 | C23: Burnaby | D23: Annual | E23: 1 | F23: 1 | G23: EX, EM | H23: No | I23: No | J23: 45849 | K23: FALSE | L23: FALSE | M23: FALSE | N23: FALSE | O23: FALSE | P23: Duplicated. See Row 24 | Q23: DUE | R23: Needs To Be Scheduled | T23: ## | U23: Scheduling Department
A24: FALSE | B24: #0440 | C24: Surrey | D24: Annual | E24: 4 | F24: 1 | G24: EX, EM | H24: No | I24: No | J24: 45835 | K24: TRUE | L24: FALSE | M24: TRUE | N24: TRUE | O24: FALSE | Q24: SCHEDULED | R24: Scheduled & Confirmed | T24: ## | U24: Scheduling Department
A25: FALSE | B25: #0499 | C25: Vancouver | D25: Annual | E25: 8 | F25: 2 | G25: FA, WA, EX, EM | H25: No | I25: Yes | J25: CLOSED | K25: TRUE | L25: TRUE | M25: TRUE | N25: TRUE | O25: TRUE | Q25: SEMI-COMPLETE | R25: Revisit Required To Complete Service | T25: ## | U25: Invoicing Department
A26: TRUE | B26: #0521 | C26: Burnaby | D26: Kitchen | H26: Yes | I26: Yes | J26: 45729 | K26: FALSE | L26: FALSE | M26: FALSE | N26: FALSE | O26: FALSE | Q26: COMPLETE | R26: Service 100% Complete | T26: ## | U26: Invoicing Department
A27: FALSE | B27: #0553 | C27: Vancouver | D27: Annual | E27: 2.5 | F27: 2 | G27: FA, WA, EX, EM, BF | H27: No | I27: Yes | J27: 45840 | K27: TRUE | L27: TRUE | M27: TRUE | N27: TRUE | O27: TRUE
A28: FALSE | B28: #0597 | C28: Vancouver | D28: Annual | E28: 1 | F28: 1 | G28: EX, EM | H28: No | I28: No | J28: 45868 | K28: TRUE | L28: FALSE | M28: TRUE | N28: TRUE | O28: FALSE
A29: FALSE | B29: #0606 | C29: Coquitlam | D29: Annual | E29: 1.5 | F29: 1 | G29: EX, EM | H29: No | I29: No | J29: 45862 | K29: TRUE | L29: TRUE | M29: TRUE | N29: TRUE | O29: TRUE | Q29: TOTAL LABOUR HOURS: | R29: =(E3*F3)+(E5*F5)+(E6*F6)+(E7*F7)+(E8*F8)+(E9*F9)+(E10*F10)+(E11*F11)+(E12*F12)+(E13*F13)+(E14*F14)+(E15*F15)+(E17*F17)+(E18*F18)+(E19*F19)+(E20*F20)+(E21*F21)+(E22*F22)+(E23*F23)+(E24*F24)+(E25*F25)+(E26*F26)+(E28*F28)+(E29*F29)+(E30*F30)+(E31*F31)+(E32*F32)+(E33*F33)++(E34*F34)+(E35*F35)+(E36*F36)+(E37*F37)+(E38*F38)+(E40*F40)+(E41*F41)+(E42*F42)+(JUN!E54*JUN!F54)+(E44*F44)+(E45*F45)+(E46*F46)+(E47*F47)+(E48*F48)+(E49*F49)+(E50*F50)+(E51*F51)+(E52*F52)+(E53*F53)+(E54*F54)+(E55*F55)+(E56*F56)+(E57*F57)+(E58*F58)+(E59*F59)+(E60*F60)+(E61*F61)+(E62*F62)+(E63*F63)+(E64*F64)+(E65*F65)+(E66*F66)+(E67*F67)+(E68*F68)+(E69*F69)+(E70*F70)+(E71*F71)+(E72*F72)+(E73*F73)+(E74*F74)+(E75*F75)+(E76*F76)+(E77*F77)+(E78*F78)+(E79*F79)+(E80*F80)+(E81*F81)+(E82*F82)+(E83*F83)+(E84*F84)+(E85*F85)+(E86*F86)+(E87*F87)+(E88*F88)+(E89*F89)+(E90*F90)+(E91*F91)+(E92*F92)+(E93*F93)+(E94*F94)+(E95*F95)+(E96*F96)+(E97*F97)+(E98*F98)+(E99*F99)+(E100*F100)+(E101*F101)+(E102*F102) -> 300
A30: FALSE | B30: #0613 | C30: Coquitlam | D30: Annual | E30: 1 | F30: 1 | G30: EM | H30: No | I30: Yes | J30: 45849 | K30: TRUE | L30: FALSE | M30: TRUE | N30: TRUE | O30: FALSE
A31: FALSE | B31: #0639-1 | C31: Coquitlam | D31: Annual | E31: 2 | F31: 1 | G31: EX, EM | H31: No | I31: No | J31: NOVEMBER NOW | K31: FALSE | L31: FALSE | M31: FALSE | N31: FALSE | O31: FALSE | Q31: TOTAL AVAILABLE LABOUR HOURS IN THE MONTH | T31: 708 | V31: Based on 4 Techs in the field. Derived by (days of month divided by 7 then times by 5) x (number of techs times by 8)
A32: TRUE | B32: #0645 | C32: Vancouver | D32: BF | E32: 1 | F32: 1 | G32: BF | H32: No | I32: No | J32: 45838 | K32: TRUE | L32: FALSE | M32: FALSE | N32: FALSE | O32: FALSE
A33: TRUE | B33: #0660 | C33: Vancouver | D33: Annual | E33: 16 | F33: 2 | G33: FA, WA, EX, EM, BF | H33: Yes | I33: No | J33: June 11-12, 25 | K33: TRUE | L33: TRUE | M33: TRUE | N33: TRUE | O33: TRUE | Q33: REMAINING LABOUR HRS | S33: =T31-R29 -> 408 | V33: Account for Spring service hours
A34: FALSE | B34: #0661 | C34: North Vancouver | D34: Monthly | E34: 2 | F34: 1 | G34: FA, WA, EX, EM | H34: No | I34: Yes | J34: 45840 | K34: TRUE | L34: TRUE | M34: TRUE | N34: TRUE | O34: FALSE
A35: FALSE | B35: #0662 | C35: Vancouver | D35: Annual | E35: 1 | F35: 1 | G35: EX, EM | H35: No | I35: No | J35: 45849 | K35: TRUE | L35: FALSE | M35: TRUE | N35: TRUE | O35: FALSE
A36: FALSE | B36: #0730 | C36: North Vancouver | D36: Annual | E36: 7 | F36: 2 | G36: FA, WA, EX, EM, BF | H36: No | I36: No | J36: 45924 | K36: TRUE | L36: TRUE | M36: TRUE | N36: TRUE | O36: TRUE
A37: FALSE | B37: #0736 | C37: Vancouver | D37: Annual | E37: 8 | F37: 2 | G37: FA, WA, EX, EM | H37: Yes | I37: No | J37: CLOSED | K37: FALSE | L37: FALSE | M37: FALSE | N37: FALSE | O37: FALSE
A38: FALSE | B38: #0753 | C38: Vancouver | D38: Annual | E38: 16 | F38: 3 | G38: FA, WA, EX, EM, BF | H38: No | I38: Yes | J38: Jul 9-10, 25 | K38: TRUE | L38: TRUE | M38: TRUE | N38: TRUE | O38: TRUE | P38: File Closed 06/12
A39: FALSE | B39: #0756 | C39: Vancouver | D39: Annual | E39: 0.5 | F39: 1 | G39: EX | H39: No | I39: No | J39: 45849 | K39: TRUE | L39: FALSE | M39: TRUE | N39: TRUE | O39: FALSE
A40: FALSE | B40: #0757 | C40: Vancouver | D40: Annual | E40: 1 | F40: 1 | G40: EX, EM | H40: No | I40: No | J40: 45849 | K40: TRUE | L40: FALSE | M40: TRUE | N40: TRUE | O40: FALSE
A41: FALSE | B41: #0439 | C41: Surrey | D41: Annual | E41: 1 | F41: 1 | G41: EX, EM | H41: No | I41: No | J41: 45840 | K41: TRUE | L41: FALSE | M41: TRUE | N41: TRUE | O41: FALSE
A42: FALSE | B42: #0575 | C42: Vancouver | D42: Annual | E42: 1 | F42: 1 | G42: EX, EM | H42: No | I42: No | J42: 45863 | K42: TRUE | L42: FALSE | M42: TRUE | N42: TRUE | O42: FALSE
A43: FALSE | B43: #0805 | C43: Vancouver | D43: Annual | E43: 1 | F43: 1 | G43: EX, EM | H43: No | I43: No | J43: 45868 | K43: TRUE | L43: TRUE | M43: TRUE | N43: TRUE | O43: TRUE
A44: FALSE | B44: #0450 | C44: Vancouver | D44: Annual | E44: 1.5 | F44: 1 | G44: EX, EM | H44: No | I44: No | J44: 45869 | K44: TRUE | L44: FALSE | M44: TRUE | N44: TRUE | O44: FALSE
A45: FALSE | B45: #0058 | C45: Vancouver | D45: Annual | E45: 1 | F45: 1 | G45: EX, EM | H45: No | I45: No | J45: July 17, 2025 | K45: TRUE | L45: FALSE | M45: TRUE | N45: TRUE | O45: FALSE
A46: FALSE | K46: FALSE | L46: FALSE | M46: FALSE | N46: FALSE | O46: FALSE
A47: FALSE | E47: =SUM(E2:E45) -> 179.5 | K47: FALSE | L47: FALSE | M47: FALSE | N47: FALSE | O47: FALSE

Sheet AUG
B1: AUGUST | K1: TECH REPORTS
A2: ANNUAL AGREEMENT SIGNED? | B2: FILE # | C2: CITY | D2: SERVICE TYPE | E2: # OF HRS REQ | F2: # OF TECHS | G2: STAMP/S REQ | H2: CONTRACTOR | I2: KEYS | J2: LAST COMPLETED | K2: REPORT IN EMAIL | L2: REPAIRS NEEDED | M2: REPORT COMPLETE | N2: ANNUAL REPORT SENT | O2: ASA sent | P2: STAMP | Q2: DEFINITION
A3: FALSE | B3: #0010 | C3: Richmond | D3: Annual | E3: 8 | F3: 2 | G3: FA, EX, EM, WA | H3: Yes | I3: Yes | J3: 45887 | K3: TRUE | L3: TRUE | M3: TRUE | N3: TRUE | O3: TRUE | P3: FA | Q3: Fire Alarm
A4: FALSE | B4: #0027 | C4: Richmond | D4: Hydrant | E4: 0 | F4: 0 | G4: 0 | H4: Yes | I4: No | J4: 45896 | K4: TRUE | L4: FALSE | M4: FALSE | N4: FALSE | O4: FALSE | P4: WA | Q4: Sprinkler
A5: FALSE | B5: #0066 | C5: Vancouver | D5: Annual | E5: 2.5 | F5: 2 | G5: FA, EX, EM | H5: No | I5: No | J5: 45891 | K5: TRUE | L5: FALSE | M5: TRUE | N5: TRUE | O5: FALSE | P5: EX | Q5: Fire Extinguisher
A6: FALSE | B6: #0068 | C6: Vancouver | D6: Annual | E6: 1 | F6: 1 | G6: EX, EM | H6: No | I6: No | J6: 45897 | K6: TRUE | L6: FALSE | M6: TRUE | N6: TRUE | O6: FALSE | P6: EM | Q6: Emergency Lights
A7: TRUE | B7: #0070 | C7: Richmond | D7: Annual & Hydrant | E7: 12 | F7: 2 | G7: FA, WA, EX, EM | H7: Yes | I7: Yes | J7: 45911 | K7: TRUE | L7: TRUE | M7: TRUE | N7: TRUE | O7: TRUE | P7: BF | Q7: Backflow
A8: FALSE | B8: #0070-1 | C8: Richmond | D8: Annual | E8: 2 | F8: 2 | G8: EX, EM, BF | H8: No | I8: No | J8: 45911 | K8: TRUE | L8: FALSE | M8: FALSE | N8: FALSE | O8: FALSE | P8: SM | Q8: Smoke Control
A9: TRUE | B9: #0128 | C9: Vancouver | D9: Annual | E9: 8 | F9: 2 | G9: FA, WA, EX, EM, BF | H9: Yes | I9: No | J9: 45869 | K9: TRUE | L9: TRUE | M9: TRUE | N9: TRUE | O9: TRUE
A10: FALSE | B10: #0213 | C10: Vancouver | D10: Annual | E10: 2 | F10: 2 | G10: FA, WA, BF | H10: No | I10: No | J10: 45881 | K10: TRUE | L10: TRUE | M10: TRUE | N10: TRUE | O10: TRUE
A11: TRUE | B11: #0242 | C11: Vancouver | D11: Annual | E11: 8 | F11: 2 | G11: FA, WA, EX, EM | H11: Yes | I11: No | J11: 45891 | K11: TRUE | L11: TRUE | M11: TRUE | N11: TRUE | O11: TRUE | P11: TECH | Q11: STAMPS HELD
A12: FALSE | B12: #0270 | C12: Vancouver | D12: Annual & Kitchen minus EX + Hoses | E12: 6 | F12: 2 | G12: FA, WA, EM | H12: Yes | I12: Yes | J12: 45884 | K12: TRUE | L12: TRUE | M12: TRUE | N12: TRUE | O12: TRUE | P12: RS | Q12: FA, WA, EX, EM
A13: FALSE | B13: #0323 | C13: Vancouver | D13: Quarterly Inspection + Repairs | E13: 8 | F13: 1 | G13: FA, WA, EX, EM | H13: No | I13: Yes | J13: 45875 | K13: TRUE | L13: FALSE | M13: FALSE | N13: FALSE | O13: FALSE | P13: CG | Q13: FA, WA, EX, EM, BF, SM
A14: FALSE | B14: #0354 | C14: Vancouver | D14: Annual | E14: 4 | F14: 2 | G14: FA, WA, EX, EM, BF | H14: No | I14: No | J14: 45880 | K14: TRUE | L14: TRUE | M14: TRUE | N14: TRUE | O14: TRUE | P14: CY | Q14: FA, WA, EX, EM
A15: FALSE | B15: #0438 | C15: Richmond | D15: Annual & Suppression | E15: 6 | F15: 2 | G15: FA, EX, EM | H15: Yes | I15: No | J15: Moved to April | K15: TRUE | L15: FALSE | M15: FALSE | N15: FALSE | O15: FALSE | P15: MV | Q15: FA, WA, EX, EM, BF & FITTER
A16: FALSE | B16: #0464 | C16: Coquitlam | D16: Annual | E16: 4 | F16: 2 | G16: FA, WA, EX, EM. BF | H16: Yes | I16: No | J16: CLOSED | K16: FALSE | L16: FALSE | M16: FALSE | N16: FALSE | O16: FALSE | P16: PM | Q16: FA, WA, EX, EM
A17: FALSE | B17: #0465 | C17: Coquitlam | D17: Annual | E17: 4 | F17: 2 | G17: FA, WA, EX, EM. BF | H17: Yes | I17: No | J17: CLOSED | K17: FALSE | L17: FALSE | M17: FALSE | N17: FALSE | O17: FALSE | P17: RD | Q17: TRAINEE, BF | S17: ADD ASA #2 TO ANNUAL INSPECTION
A18: FALSE | B18: #0496 | C18: Vancouver | D18: Annual | E18: 3 | F18: 2 | G18: FA, WA, EX, EM | H18: No | I18: Yes | J18: 45896 | K18: TRUE | L18: TRUE | M18: TRUE | N18: TRUE | O18: TRUE | P18: TS | Q18: EX, EM, BF
A19: FALSE | B19: #0541 | C19: Vancouver | D19: Annual | E19: 8 | F19: 3 | G19: WA, EX, EM, BF | H19: Yes | I19: Yes | J19: CLOSED | K19: FALSE | L19: FALSE | M19: FALSE | N19: FALSE | O19: FALSE
A20: FALSE | B20: #0563 | C20: Richmond | D20: Annual | E20: 8 | F20: 3 | G20: FA, WA, EX, EM, BF | H20: No | I20: No | J20: We lost this building | K20: FALSE | L20: FALSE | M20: FALSE | N20: FALSE | O20: FALSE
A21: FALSE | B21: #0564 | C21: Vancouver | D21: Annual | E21: 1 | F21: 1 | G21: EX | H21: No | I21: No | J21: 46091 | K21: TRUE | L21: TRUE | M21: TRUE | N21: TRUE | O21: TRUE | P21: COLOUR CODE | T21: Responsibility
A22: FALSE | B22: #0576 | C22: Vancouver | D22: Annual | E22: 5 | F22: 2 | G22: FA, WA, EX, EM, BF | H22: Yes | I22: Yes | J22: CLOSED | K22: FALSE | L22: FALSE | M22: FALSE | N22: FALSE | O22: FALSE | P22: DUE | Q22: Needs To Be Scheduled | S22: ## | T22: Scheduling Department
A23: FALSE | B23: #0581 | C23: Vancouver | D23: Annual | E23: 8 | F23: 2 | G23: FA, WA, EX, EM | H23: Yes | I23: Yes | J23: CLOSED | K23: TRUE | L23: TRUE | M23: TRUE | N23: TRUE | O23: TRUE | P23: SCHEDULED | Q23: Scheduled & Confirmed | S23: ## | T23: Scheduling Department
A24: FALSE | B24: #0584 | C24: Vancouver | D24: Annual | E24: 2 | F24: 2 | G24: FA, EX, EM, BF | H24: No | I24: No | J24: 45882 | K24: TRUE | L24: TRUE | M24: TRUE | N24: TRUE | O24: FALSE | P24: sold, quote sent to new owner | Q24: TOTAL LABOUR HRS: | R24: =(JAN!E3*JAN!F3)+(JAN!E4*JAN!F4)+(MAR!E4*MAR!F4)+(JAN!E5*JAN!F5)+(JAN!E6*JAN!F6)+(JAN!E7*JAN!F7)+(JAN!E8*JAN!F8)+(JAN!E9*JAN!F9)+(JAN!E10*JAN!F10)+(#REF!*#REF!)+(JAN!E11*JAN!F11)+(JAN!E12*JAN!F12)+(#REF!*#REF!)+(#REF!*#REF!)+(JAN!E13*JAN!F13)+(JAN!E14*JAN!F14)+(JAN!E15*JAN!F15)+(JAN!E16*JAN!F16)+(JAN!E17*JAN!F17)+(JAN!E18*JAN!F18)+(JAN!E19*JAN!F19)+(JAN!E20*JAN!F20)+(JAN!E21*JAN!F21)+(#REF!*#REF!)+(JAN!E22*JAN!F22)+(JAN!E23*JAN!F23)+(JAN!E24*JAN!F24)+(JAN!E25*JAN!F25)+(E24*F24)+(E25*F25)+(JAN!E27*JAN!F27)+(JAN!E28*JAN!F28)+(JAN!E29*JAN!F29)+(JAN!E30*JAN!F30)+(MAR!E32*MAR!F32)+(JAN!E31*JAN!F31)+(JAN!E32*JAN!F32)+(JAN!E33*JAN!F33)+(JAN!E34*JAN!F34)+(#REF!*#REF!)+(JAN!E35*JAN!F35)+(JAN!E36*JAN!F36)+(#REF!*#REF!)+(JAN!E37*JAN!F37)+(JAN!E38*JAN!F38)+(JAN!E39*JAN!F39)+(JAN!E40*JAN!F40)+(JAN!E41*JAN!F41)+(JAN!E42*JAN!F42)+(JAN!E43*JAN!F43)+(JAN!E44*JAN!F44)+(JAN!E45*JAN!F45)+(JAN!E46*JAN!F46)+(JAN!E47*JAN!F47)+(JAN!E48*JAN!F48)+(JAN!E49*JAN!F49)+(JAN!E50*JAN!F50)+(JAN!E51*JAN!F51)+(JAN!E52*JAN!F52)+(JAN!E53*JAN!F53)+(JAN!E54*JAN!F54)+(JAN!E55*JAN!F55)+(JAN!E56*JAN!F56)+(JAN!E57*JAN!F57)+(JAN!E58*JAN!F58)+(JAN!E59*JAN!F59)+(JAN!E60*JAN!F60)+(JAN!E61*JAN!F61)+(JAN!E62*JAN!F62)+(JAN!E63*JAN!F63)+(JAN!E64*JAN!F64)+(JAN!E65*JAN!F65)+(JAN!E66*JAN!F66)+(JAN!E67*JAN!F67)+(JAN!E68*JAN!F68)+(JAN!E69*JAN!F69)+(JAN!E70*JAN!F70)+(JAN!E71*JAN!F71)+(JAN!E72*JAN!F72)+(JAN!E73*JAN!F73)+(JAN!E74*JAN!F74)+(JAN!E75*JAN!F75)+(JAN!E76*JAN!F76)+(JAN!E77*JAN!F77)+(JAN!E78*JAN!F78)+(JAN!E79*JAN!F79)+(JAN!E80*JAN!F80)+(JAN!E81*JAN!F81)+(JAN!E82*JAN!F82)+(JAN!E83*JAN!F83)+(JAN!E84*JAN!F84)+(JAN!E85*JAN!F85)+(JAN!E86*JAN!F86)+(JAN!E87*JAN!F87)+(JAN!E88*JAN!F88)+(JAN!E89*JAN!F89)+(JAN!E90*JAN!F90)+(JAN!E91*JAN!F91)+(JAN!E92*JAN!F92)+(JAN!E93*JAN!F93)+(JAN!E94*JAN!F94)+(JAN!E95*JAN!F95) -> #REF!
A25: FALSE | B25: #0585 | C25: Vancouver | D25: Annual | E25: 2 | F25: 2 | G25: FA, EX, EM, BF | H25: No | I25: No | J25: Moved to August | K25: TRUE | L25: TRUE | M25: TRUE | N25: TRUE | O25: TRUE
A26: FALSE | B26: #0591 | C26: New Westminster | D26: Annual & Hydrant | E26: 16 | F26: 2 | G26: FA, WA, EX, EM | H26: Yes | I26: Yes | J26: 25-26 Aug, 2025 | K26: TRUE | L26: TRUE | M26: TRUE | N26: TRUE | O26: TRUE | P26: SEMI-COMPLETE | Q26: Revisit Required To Complete Service | S26: ## | T26: Invoicing Department
A27: FALSE | B27: #0594 | C27: Vancouver | D27: Annual | E27: 1 | F27: 1 | G27: EX, EM | H27: No | I27: No | J27: Moved to Oct | K27: TRUE | L27: FALSE | M27: TRUE | N27: TRUE | O27: FALSE | P27: COMPLETE | Q27: Service 100% Complete | S27: ## | T27: Invoicing Department
A28: FALSE | B28: #0605 | C28: Vancouver | D28: Annual | E28: 3 | F28: 2 | G28: FA, WA, EX, EM, BF | H28: No | I28: No | J28: 45870 | K28: TRUE | L28: TRUE | M28: TRUE | N28: TRUE | O28: TRUE
A29: FALSE | B29: #0610 | C29: Port Coquitlam | D29: Annual | E29: 4 | F29: 1 | G29: EX, EM | H29: No | I29: No | J29: 45887 | K29: TRUE | L29: TRUE | M29: TRUE | N29: TRUE | O29: TRUE
A30: FALSE | B30: #0614 | C30: Vancouver | D30: Annual | E30: 1 | F30: 1 | G30: EX | H30: No | I30: No | J30: 45952 | K30: FALSE | L30: FALSE | M30: FALSE | N30: FALSE | O30: FALSE | P30: TOTAL LABOUR HOURS: | Q30: =(E3*F3)+(E4*F4)+(E5*F5)+(E6*F6)+(E7*F7)+(E8*F8)+(E9*F9)+(E11*F11)+(E12*F12)+(E13*F13)+(E14*F14)+(E15*F15)+(E16*F16)+(E17*F17)+(E18*F18)+(E19*F19)+(E20*F20)+(E21*F21)+(E22*F22)+(E23*F23)+(E26*F26)+(E28*F28)+(E29*F29)+(E30*F30)+(E31*F31)+(E32*F32)+(E33*F33)+(E34*F34)+(E35*F35)+(E36*F36)+(E37*F37)+(E38*F38)+(E39*F39)+(E40*F40)+(E41*F41)+(E42*F42)+(E43*F43)+(E44*F44)+(E45*F45)+(E46*F46)+(E47*F47)+(E48*F48)+(E49*F49)+(E50*F50)+(E51*F51)+(E52*F52)+(E53*F53)+(E54*F54)+(E55*F55)+(E56*F56)+(E57*F57)+(E58*F58)+(E59*F59)+(E60*F60)+(E61*F61)+(E62*F62)+(E63*F63)+(E64*F64)+(E65*F65)+(E66*F66)+(E67*F67)+(E68*F68)+(E69*F69)+(E70*F70)+(E71*F71)+(E72*F72)+(E73*F73)+(E74*F74)+(E75*F75)+(E76*F76)+(E77*F77)+(E78*F78)+(E79*F79)+(E80*F80)+(E81*F81)+(E82*F82)+(E83*F83)+(E84*F84)+(E85*F85)+(E86*F86)+(E87*F87)+(E88*F88)+(E89*F89)+(E90*F90)+(E91*F91)+(E92*F92)+(E93*F93)+(E94*F94)+(E95*F95)+(E96*F96)+(E97*F97)+(E98*F98)+(E99*F99)+(E100*F100)+(E101*F101)+(E102*F102)+(E103*F103) -> 409.5
A31: FALSE | B31: #0615 | C31: Vancouver | D31: DPV & BF (No S) | E31: 3 | F31: 2 | G31: WA, BF | H31: Yes | I31: Yes | J31: 45894 | K31: TRUE | L31: FALSE | M31: FALSE | N31: FALSE | O31: FALSE
A32: FALSE | B32: #0622 | C32: Vancouver | D32: Annual | E32: 3 | F32: 1 | G32: EX, EM | H32: No | I32: No | J32: 45863 | K32: TRUE | L32: TRUE | M32: TRUE | N32: TRUE | O32: TRUE | P32: TOTAL AVAILABLE LABOUR HOURS IN THE MONTH | S32: 708 | U32: Based on 4 Techs in the field. Derived by (days of month divided by 7 then times by 5) x (number of techs times by 8)
A33: FALSE | B33: #0663 | C33: Coquitlam | D33: Annual & BF | E33: 4 | F33: 2 | G33: FA, WA, EX, EM, BF | H33: No | I33: No | J33: CLOSED | K33: FALSE | L33: FALSE | M33: FALSE | N33: FALSE | O33: FALSE
A34: FALSE | B34: #0661 | C34: North Vancouver | D34: Annual minus DPV | E34: 16 | F34: 2 | G34: FA, WA, EX, EM | H34: Yes | I34: Yes | J34: Aug 5-6, 25 | K34: TRUE | L34: TRUE | M34: TRUE | N34: TRUE | O34: TRUE | P34: REMAINING LABOUR HOURS | R34: =S32-Q30 -> 298.5
A35: FALSE | B35: #0713 | C35: North Vancouver | D35: Annual | E35: 6 | F35: 2 | G35: FA, EX, EM, BF | H35: Yes | I35: Yes | J35: 45895 | K35: TRUE | L35: TRUE | M35: TRUE | N35: TRUE | O35: TRUE
A36: FALSE | B36: #0716 | C36: Vancouver | D36: Annual | E36: 5 | F36: 2 | G36: FA, WA, EX, EM, BF | H36: No | I36: No | J36: 45881 | K36: TRUE | L36: TRUE | M36: TRUE | N36: TRUE | O36: TRUE | P36: PLSE NOTE - NEW PM
A37: FALSE | B37: #0717 | C37: Vancouver | D37: Annual | E37: 8 | F37: 2 | G37: FA, WA, EX, EM, BF | H37: Yes | I37: No | J37: 45888 | K37: TRUE | L37: TRUE | M37: TRUE | N37: TRUE | O37: TRUE
A38: FALSE | B38: #0736 | C38: Vancouver | D38: Annual | E38: 8 | F38: 2 | G38: FA, WA, EX, EM | H38: Yes | I38: No | J38: CLOSED | K38: FALSE | L38: FALSE | M38: FALSE | N38: FALSE | O38: FALSE
A39: FALSE | B39: #0437 | C39: Burnaby | D39: Annual | G39: FA & DPV | J39: Aug 2024 FACP was replaced
A40: FALSE | B40: #0428 | C40: Vancouver | D40: Annual | E40: 4 | F40: 1 | G40: EX, EM | H40: No | I40: No | J40: 45888 | K40: TRUE | L40: FALSE | M40: TRUE | N40: TRUE | O40: FALSE
A41: FALSE | B41: #0213 | C41: Vancouver | D41: Annual | E41: 2 | F41: 2 | G41: FA, WA, BF | H41: No | I41: No | J41: 45881 | K41: TRUE | L41: FALSE | M41: FALSE | N41: FALSE | O41: FALSE
A42: FALSE | B42: #0807 | C42: Vancouver | D42: Annual | E42: 0.5 | F42: 1 | G42: EX | H42: No | I42: No | J42: 45884 | K42: TRUE | L42: FALSE | M42: TRUE | N42: TRUE | O42: FALSE
A43: TRUE | B43: #0381 | C43: Vancouver | D43: Annual | E43: 2 | F43: 2 | G43: FA, EX, EM | H43: No | I43: No | J43: 45876 | K43: TRUE | L43: TRUE | M43: TRUE | N43: TRUE | O43: TRUE
A44: FALSE | B44: #0628 | C44: Vancouver | D44: Annual | E44: 3 | F44: 2 | G44: FA, WA, EX, EM | H44: No | I44: No | J44: 45898 | K44: TRUE | L44: TRUE | M44: TRUE | N44: TRUE | O44: TRUE
A45: FALSE | B45: #0078 | C45: Vancouver | D45: Annual | E45: 3.5 | F45: 2 | G45: FA, EX, EM, WA | H45: No | I45: No | J45: 45877 | K45: TRUE | L45: TRUE | M45: TRUE | N45: TRUE | O45: TRUE
A46: FALSE | B46: #0013 | C46: Surrey | D46: Annual | E46: 1 | F46: 1 | G46: EX, EM | H46: No | I46: No | J46: 45884 | K46: TRUE | L46: FALSE | M46: TRUE | N46: TRUE | O46: FALSE
A47: FALSE | B47: #0328 | C47: Vancouver | D47: Annual | E47: 5 | F47: 2 | G47: FA, WA, EX, EM, BF | H47: No | I47: Yes | J47: 45870 | K47: TRUE | L47: TRUE | M47: TRUE | N47: TRUE | O47: TRUE | P47: BF done on Feb 27, 2026
A48: FALSE | B48: #0584 | C48: Vancouver | D48: Annual | E48: 2 | F48: 2 | G48: FA, EX, EM, BF | H48: No | I48: No | J48: Aug 13/25 & Nov 21/25 | K48: TRUE | L48: TRUE | M48: TRUE | N48: TRUE | O48: TRUE
A49: FALSE | B49: #0585 | C49: Vancouver | D49: Annual | E49: 2 | F49: 2 | G49: FA, EX, EM, BF | H49: No | I49: No | J49: Aug 13/25 & Nov 21/25 | K49: TRUE | L49: FALSE | M49: FALSE | N49: FALSE | O49: FALSE
E51: =SUM(E2:E49) -> 215.5

Sheet SEP
B1: SEPTEMBER | K1: TECH REPORTS
A2: ANNUAL AGREEMENT SIGNED? | B2: FILE # | C2: CITY | D2: SERVICE TYPE | E2: # OF HRS REQ | F2: # OF TECHS | G2: STAMP/S REQ | H2: CONTRACTOR | I2: KEYS | J2: LAST COMPLETED | K2: REPORT IN EMAIL | L2: REPAIRS NEEDED | M2: REPORT COMPLETE | N2: ANNUAL REPORT SENT | O2: ASA sent | Q2: STAMP | R2: DEFINITION
A3: FALSE | B3: #0002 | C3: Vancouver | D3: Annual | E3: 1 | F3: 1 | G3: EX | H3: No | I3: No | J3: SEPT 9, 25 | K3: TRUE | L3: FALSE | M3: TRUE | N3: TRUE | O3: FALSE | Q3: FA | R3: Fire Alarm
A4: FALSE | B4: #0020 | C4: Richmond | D4: Annual | E4: 32 | F4: 2 | G4: FA, EX, EM, WA, BF | H4: Yes | I4: Yes | J4: Sept. 15-18th 2025 | K4: TRUE | L4: TRUE | M4: TRUE | N4: TRUE | O4: TRUE | Q4: WA | R4: Sprinkler
A5: FALSE | B5: #0072 | C5: Vancouver | D5: Annual | E5: 2 | F5: 1 | G5: EX, WA | H5: No | I5: No | J5: 45944 | K5: TRUE | L5: TRUE | M5: TRUE | N5: TRUE | O5: TRUE | Q5: EX | R5: Fire Extinguisher
A6: FALSE | B6: #0095 | C6: Vancouver | D6: Annual | E6: 3.5 | F6: 1 | G6: EX, EM, WA | H6: No | I6: No | J6: SEPT 29, 25 | K6: TRUE | L6: TRUE | M6: TRUE | N6: TRUE | O6: TRUE | Q6: EM | R6: Emergency Lights
A7: FALSE | B7: #0111 | C7: Vancouver | D7: Annual | E7: 1 | F7: 1 | G7: EX, EM | H7: No | I7: No | J7: 45917 | K7: TRUE | L7: FALSE | M7: TRUE | N7: TRUE | O7: FALSE | Q7: BF | R7: Backflow
A8: FALSE | B8: #0146 | C8: Vancouver | D8: Annual & Winter | E8: 8 | F8: 2 | G8: FA, WA, EX, EM, BF | H8: Yes | I8: Yes | J8: SEPT 26/25 | K8: TRUE | L8: FALSE | M8: FALSE | N8: FALSE | O8: FALSE | P8: JS | Q8: SM | R8: Smoke Control
A9: FALSE | B9: #0158 | C9: Vancouver | D9: Annual | E9: 2.5 | F9: 2 | G9: FA, EX, EM, BF | H9: No | I9: Yes | J9: CLOSED | K9: FALSE | L9: FALSE | M9: FALSE | N9: FALSE | O9: FALSE | Q9: TECH | R9: STAMPS HELD
A10: FALSE | B10: #0159 | C10: Richmond | D10: Annual | E10: 8 | F10: 2 | G10: FA, EX, EM | H10: Yes | I10: Yes | J10: SEPT 23, 25 | K10: TRUE | L10: TRUE | M10: TRUE | N10: TRUE | O10: TRUE | Q10: RS | R10: FA, WA, EX, EM
A11: FALSE | B11: #0201 | C11: Vancouver | D11: Annual | E11: 2.5 | F11: 1 | G11: WA, EX, BF | H11: No | I11: No | J11: 45909 | K11: TRUE | L11: TRUE | M11: TRUE | N11: TRUE | O11: TRUE | Q11: CG | R11: FA, WA, EX, EM, BF, SM
A12: FALSE | B12: #0222 | C12: Vancouver | D12: Annual | E12: 12 | F12: 2 | G12: FA, WA, EX, EM, BF | H12: Yes | I12: Yes | J12: Sep 8-9, 25 | K12: TRUE | L12: TRUE | M12: TRUE | N12: TRUE | O12: TRUE | Q12: CY | R12: FA, WA, EX, EM
A13: FALSE | B13: #0251 | C13: Burnaby | D13: Annual & Hydrants | E13: 1 | F13: 1 | G13: FA, EX, EM | H13: Yes | I13: No | J13: 45912 | K13: TRUE | L13: FALSE | M13: TRUE | N13: TRUE | O13: FALSE | Q13: MV | R13: FA, WA, EX, EM, BF & FITTER
A14: FALSE | B14: #0310 | C14: Vancouver | D14: Annual & Winter | E14: 6.5 | F14: 2 | G14: FA, WA, EX, EM, BF | H14: Yes | I14: Yes | J14: 45909 | K14: FALSE | L14: FALSE | M14: FALSE | N14: FALSE | O14: FALSE | P14: No notice posted. Need to reschedule | Q14: PM | R14: FA, WA, EX, EM
A15: FALSE | B15: #0315 | C15: Vancouver | D15: Annual | E15: 0.5 | F15: 1 | G15: EX | H15: No | I15: No | J15: 45889 | K15: TRUE | L15: FALSE | M15: TRUE | N15: TRUE | O15: FALSE | P15: ?? | Q15: RD | R15: TRAINEE, BF
A16: FALSE | B16: #0341 | C16: Vancouver | D16: Annual | E16: 8 | F16: 2 | G16: FA, WA | H16: Yes | I16: Yes | J16: Moved to July | K16: FALSE | L16: FALSE | M16: FALSE | N16: FALSE | O16: FALSE | Q16: GW | R16: FA, WA, EX, EM
A17: FALSE | B17: #0343 | C17: Vancouver | D17: Annual | E17: 6 | F17: 3 | G17: FA, WA, EX, EM, BF | H17: Yes | I17: Yes | J17: 45936 | K17: TRUE | L17: TRUE | M17: TRUE | N17: TRUE | O17: FALSE
A18: FALSE | B18: #0347 | C18: Vancouver | D18: Annual | E18: 1 | F18: 1 | G18: EX, EM | H18: No | I18: No | J18: Sept.05/25 | K18: TRUE | L18: FALSE | M18: TRUE | N18: TRUE | O18: FALSE
A19: FALSE | B19: #0349 | C19: Vancouver | D19: Kitchen | E19: 0 | F19: 0 | H19: Yes | J19: 45909 | K19: FALSE | L19: FALSE | M19: FALSE | N19: FALSE | O19: FALSE | Q19: COLOUR CODE | U19: Responsibility
A20: FALSE | B20: #0351 | C20: Vancouver | D20: Annual | E20: 1.5 | F20: 2 | G20: FA, WA, EX, EM | H20: No | I20: No | J20: 45940 | K20: TRUE | L20: TRUE | M20: TRUE | N20: TRUE | O20: TRUE | Q20: DUE | R20: Needs To Be Scheduled | T20: ## | U20: Scheduling Department
A21: FALSE | B21: #0444 | C21: Vancouver | D21: Annual, Wet Sprinkler & 1st Winter | E21: 10 | F21: 2 | G21: FA, WA, EX, EM, BF | H21: Yes | I21: No | J21: Sept 2-3, 25 | K21: TRUE | L21: TRUE | M21: TRUE | N21: TRUE | O21: FALSE | Q21: SEMI-COMPLETE | R21: Revisit Required To Complete Service | T21: ## | U21: Invoicing Department
A22: FALSE | B22: #0450 | C22: Vancouver | D22: Annual | E22: 1.5 | F22: 1 | G22: EX, EM | H22: No | I22: No | J22: Moved to July | K22: TRUE | L22: FALSE | M22: TRUE | N22: TRUE | O22: FALSE | Q22: COMPLETE | R22: Service 100% Complete | T22: ## | U22: Invoicing Department
A23: FALSE | B23: #0475 | C23: Vancouver | D23: Annual | E23: 3 | F23: 2 | G23: FA, WA, EX, EM | H23: Yes | I23: No | J23: CLOSED | K23: FALSE | L23: FALSE | M23: FALSE | N23: FALSE | O23: FALSE | Q23: SCHEDULED | R23: Scheduled & Confirmed
A24: FALSE | B24: #0483 | C24: Burnaby | D24: Annual | E24: 7 | F24: 2 | G24: FA, EX, EM | H24: Yes | I24: Yes | J24: 45895 | K24: TRUE | L24: FALSE | M24: FALSE | N24: FALSE | O24: FALSE
A25: FALSE | B25: #0504 | C25: Vancouver | D25: Annual | E25: 24 | F25: 2 | G25: FA, WA, EX, EM | H25: Yes | I25: Yes | J25: CLOSED | K25: TRUE | L25: TRUE | M25: TRUE | N25: TRUE | O25: TRUE | Q25: TOTAL LABOUR HOURS: | R25: =(E3*F3)+(E4*F4)+(E5*F5)+(E6*F6)+(E7*F7)+(E8*F8)+(E9*F9)+(E10*F10)+(E11*F11)+(E12*F12)+(E13*F13)+(E14*F14)+(E15*F15)+(E16*F16)+(E17*F17)+(E18*F18)+(E19*F19)+(E21*F21)+(E22*F22)+(E23*F23)+(E24*F24)+(E25*F25)+(E26*F26)+(E27*F27)+(E28*F28)+(E29*F29)+(E30*F30)+(E31*F31)+(E32*F32)+(E33*F33)+(E34*F34)+(E35*F35)+(E36*F36)+(E37*F37)+(E38*F38)+(E39*F39)+(E40*F40)+(E41*F41)+(E42*F42)+(E43*F43)+(E44*F44)+(E45*F45)+(E46*F46)+(E47*F47)+(E48*F48)+(E49*F49)+(E50*F50)+(E51*F51)+(E52*F52)+(E53*F53)+(E54*F54)+(E55*F55)+(E56*F56)+(E57*F57)+(E58*F58)+(E59*F59)+(E60*F60)+(E61*F61)+(E62*F62)+(E63*F63)+(E64*F64)+(E65*F65)+(E66*F66)+(E67*F67)+(E68*F68)+(E69*F69)+(E70*F70)+(E71*F71)+(E72*F72)+(E73*F73)+(E74*F74)+(E75*F75)+(E76*F76)+(E77*F77)+(E78*F78)+(E79*F79)+(E80*F80)+(E81*F81)+(E82*F82)+(E83*F83)+(E84*F84)+(E85*F85)+(E86*F86)+(E87*F87)+(E88*F88)+(E89*F89)+(E90*F90)+(E91*F91)+(E92*F92)+(E93*F93)+(E94*F94)+(E95*F95)+(E96*F96)+(E97*F97)+(E98*F98)+(E99*F99) -> #VALUE!
A26: FALSE | B26: #0506 | C26: Langley | D26: Annual | E26: 2 | F26: 1 | G26: EX, EM | H26: No | I26: No | J26: 45897 | K26: TRUE | L26: FALSE | M26: TRUE | N26: TRUE | O26: FALSE
A27: FALSE | B27: #0507 | C27: North Vancouver | D27: Annual | E27: 6 | F27: 2 | G27: FA, WA, EX, EM | H27: No | I27: Yes | J27: Sept 22, 25 | K27: TRUE | L27: TRUE | M27: TRUE | N27: TRUE | O27: TRUE | Q27: TOTAL AVAILABLE LABOUR HOURS IN THE MONTH | T27: 685 | V27: Based on 4 Techs in the field. Derived by (days of month divided by 7 then times by 5) x (number of techs times by 8)
A28: FALSE | B28: #0555 | C28: Langley | D28: Annual | E28: 16 + 4(PW) | F28: 3 | G28: FA, WA, EX, EM, BF | H28: Yes | I28: No | J28: CLOSED ACCT | K28: FALSE | L28: FALSE | M28: FALSE | N28: FALSE | O28: FALSE
A29: FALSE | B29: #0562 | C29: Surrey | D29: Annual | E29: 3 | F29: 2 | G29: FA, WA, EX, EM, BF | H29: Yes | I29: No | J29: CLOSED | K29: FALSE | L29: FALSE | M29: FALSE | N29: FALSE | O29: FALSE | Q29: REMAINING LABOUR HRS | S29: =T27-R25 -> #VALUE! | V29: Account for Winter service hours
A30: FALSE | B30: #0617 | C30: Vancouver | D30: Annual | E30: 6 | F30: 2 | G30: FA, WA, EX, EM, BF | H30: Yes | I30: Yes | J30: Sept 4, 25 | K30: TRUE | L30: TRUE | M30: TRUE | N30: TRUE | O30: FALSE
A31: FALSE | B31: #0618 | C31: Vancouver | D31: Annual plus Spring | E31: 8 | F31: 2 | G31: FA, WA, EX, EM, BF | H31: Yes | I31: Yes | J31: Sept.10, 25 | K31: TRUE | L31: TRUE | M31: TRUE | N31: TRUE | O31: TRUE
A32: FALSE | B32: #0619 | C32: Vancouver | D32: Annual | E32: 8 | F32: 2 | G32: FA, WA, EX, EM, BF | H32: Yes | I32: Yes | J32: 45898 | K32: TRUE | L32: TRUE | M32: TRUE | N32: TRUE | O32: TRUE
A33: FALSE | B33: #0626 | C33: Vancouver | D33: Annual | E33: 3 | F33: 1 | G33: WA, EX | H33: No | I33: No | J33: REFUSED AUG 21, 2025 | K33: FALSE | L33: FALSE | M33: FALSE | N33: FALSE | O33: FALSE | P33: CLOSED
A34: FALSE | B34: #0661 | C34: North Vancouver | D34: Monthly | E34: 2 | F34: 1 | G34: FA, WA, EX, EM | H34: No | I34: Yes | J34: Sept 2, 25 | K34: TRUE | L34: FALSE | M34: FALSE | N34: FALSE | O34: FALSE
A35: FALSE | B35: #0667 | C35: Vancouver | D35: Annual | E35: 2 | F35: 1 | G35: EX, EM | H35: No | I35: No | J35: 45931 | K35: TRUE | L35: TRUE | M35: TRUE | N35: TRUE | O35: TRUE
A36: FALSE | B36: #0669 | C36: Burnaby | D36: Annual | E36: 3 | F36: 1 | G36: EX, EM | H36: No | I36: No | J36: Sept.9&11/24 | K36: FALSE | L36: FALSE | M36: FALSE | N36: FALSE | O36: FALSE
A37: FALSE | B37: #0677 | C37: Vancouver | D37: FA, Wet & Suites | E37: 12 | F37: 2 | G37: FA | H37: Yes | I37: No | J37: CLOSED | K37: FALSE | L37: FALSE | M37: FALSE | N37: FALSE | O37: FALSE | P37: no response
A38: FALSE | B38: #0701 | C38: New Westminster | D38: Fire Pump | E38: 1.5 | F38: 1 | G38: FA | H38: Yes | I38: Yes | J38: 45961 | K38: FALSE | L38: FALSE | M38: FALSE | N38: FALSE | O38: FALSE
A39: TRUE | B39: #0715 | C39: Vancouver | D39: Annual | E39: 2.5 | F39: 2 | G39: FA, EX, EM | H39: No | I39: Yes | J39: Sept 19/25 | K39: TRUE | L39: FALSE | M39: TRUE | N39: TRUE | O39: FALSE
A40: FALSE | B40: #0718 | C40: Vancouver | D40: Annual | E40: 1 | F40: 1 | G40: EX, EM | H40: No | I40: No | J40: SEPT 22, 25 | K40: TRUE | L40: FALSE | M40: TRUE | N40: TRUE | O40: FALSE
A41: FALSE | B41: #0738 | C41: Vancouver | D41: Annual | E41: 3.5 | F41: 2 | G41: FA, WA, EM | H41: No | I41: No | J41: 45931 | K41: TRUE | L41: TRUE | M41: TRUE | N41: TRUE | O41: TRUE
A42: FALSE | B42: #0740 | C42: Vancouver | D42: Annual | E42: 2 | F42: 2 | G42: WA, EX, EM | H42: No | I42: No | J42: CLOSED | K42: FALSE | L42: FALSE | M42: FALSE | N42: FALSE | O42: FALSE
A43: FALSE | B43: #0742 | C43: Vancouver | D43: Annual | E43: 2 | F43: 2 | G43: FA, WA, EX, EM | H43: No | I43: No | J43: Sept 8, 25 | K43: TRUE | L43: TRUE | M43: TRUE | N43: TRUE | O43: TRUE
A44: FALSE | B44: #0758 | C44: Vancouver | D44: Annual | E44: 1 | F44: 1 | G44: EX, EM | H44: No | I44: No | J44: 45912 | K44: TRUE | L44: FALSE | M44: TRUE | N44: TRUE | O44: TRUE
A45: FALSE | B45: #0777 | C45: Vancouver | D45: Annual | E45: 1 | F45: 1 | G45: EX, EM | H45: No | I45: No | J45: 45895 | K45: TRUE | L45: FALSE | M45: TRUE | N45: TRUE | O45: FALSE
A46: FALSE | B46: #0795 | C46: Vancouver | D46: Annual | E46: 12 | F46: 2 | G46: FA, WA, EX, EM, BF | H46: Yes | I46: No | J46: SEPT 19, 25 | K46: TRUE | L46: TRUE | M46: TRUE | N46: TRUE | O46: FALSE
A47: FALSE | B47: #0061 | C47: Vancouver | D47: Annual | E47: 16 | F47: 2 | G47: FA, WA, EX, EM, BF, FP | H47: Yes | I47: Yes | J47: Sep 15-16, 25 | K47: TRUE | L47: TRUE | M47: TRUE | N47: TRUE | O47: TRUE
A48: FALSE | B48: #0810 | C48: Vancouver | D48: Annual | E48: 1 | F48: 1 | G48: EX, EL | H48: No | I48: No | J48: 45904 | K48: TRUE | L48: FALSE | M48: TRUE | N48: TRUE | O48: FALSE
A49: FALSE | B49: #0557 | C49: Vancouver | D49: Annual | E49: 1.5 | F49: 1 | G49: EX, EM | H49: No | I49: No | J49: Sep 5, 25 | K49: TRUE | L49: FALSE | M49: TRUE | N49: TRUE | O49: FALSE
A50: FALSE | B50: #0148 | C50: Vancouver | D50: Annual | E50: 2.5 | F50: 1 | G50: EX | H50: No | I50: No | J50: Sept 12, 25 | K50: TRUE | L50: FALSE | M50: TRUE | N50: TRUE | O50: FALSE
A51: FALSE | B51: #0739 | C51: Port Coquitlam | D51: Annual | E51: 0.5 | F51: 1 | G51: EX | H51: No | I51: No | J51: Sept 18, 25 | K51: TRUE | L51: FALSE | M51: TRUE | N51: TRUE | O51: FALSE
A52: FALSE | B52: #0271 | C52: Vancouver | D52: Kitchen | E52: 1 | F52: 1 | G52: FA | H52: Yes | I52: Yes | J52: 45922 | K52: TRUE | L52: FALSE | M52: FALSE | N52: FALSE | O52: FALSE
A53: FALSE | B53: #0149 | C53: Vancouver | D53: Annual | E53: 2 | F53: 1 | G53: FA, EX | H53: No | I53: No | J53: 45929 | K53: TRUE | L53: FALSE | M53: TRUE | N53: TRUE | O53: FALSE
A54: TRUE | B54: #0557 | C54: Vancouver | D54: Annual | E54: 1.5 | F54: 1 | G54: EX, EM | H54: No | I54: No | J54: Sep 5, 25 | K54: TRUE | L54: FALSE | M54: TRUE | N54: TRUE | O54: FALSE
A55: TRUE | B55: #0061 | C55: Vancouver | D55: Annual | E55: 11.5 | F55: 2 | G55: FA, EX, EM, WA | H55: Yes | I55: Yes | J55: Sep 15-16, 2025 | K55: TRUE | L55: TRUE | M55: TRUE | N55: TRUE | O55: TRUE
A56: FALSE | B56: #0785 | C56: New Westminster | D56: Annual | E56: 2 | F56: 1 | G56: FE,EL | H56: No | I56: No
E58: =SUM(E2:E56) -> 263.5

Sheet WINTER
A1: WINTER
A2: FILE # | B2: CITY | C2: SERVICE TYPE | D2: # OF HRS REQ | E2: # OF TECHS | F2: STAMP/S REQ | G2: CONTRACTOR | H2: KEYS | I2: LAST COMPLETED | K2: STAMP | L2: DEFINITION | O2: IDEA: have an identifying marker
A3: #0010 | B3: RICHMOND | C3: Winter | D3: 1 | E3: 1 | F3: WA | G3: No | H3: Yes | I3: 45974 | K3: FA | L3: Fire Alarm | O3: indicating if a file is a grab & go
A4: #0020 | B4: RICHMOND | C4: Winter | D4: 2 | E4: 1 | F4: WA | G4: Yes | H4: Yes | I4: Nov.13/25 | K4: WA | L4: Sprinkler
A5: #0032 | B5: VANCOUVER | C5: Winter | D5: 1.5 | E5: 1 | F5: WA | G5: Yes | H5: No | I5: 45965 | K5: EX | L5: Fire Extinguisher
A6: #0037 | B6: VANCOUVER | C6: Winter | D6: 1.5 | E6: 1 | F6: WA | G6: Yes | H6: Yes | I6: 45954 | K6: EM | L6: Emergency Lights
A7: #0060 | B7: VANCOUVER | C7: Winter | D7: 2 | E7: 2 | F7: FA, WA | G7: Yes | H7: Yes | I7: 45974 | K7: BF | L7: Backflow
A8: #0078 | B8: VANCOUVER | C8: Winter | D8: 1 | E8: 1 | F8: WA | G8: No | H8: No | I8: 45982 | K8: SM | L8: Smoke Control
A9: #0190 | B9: VANCOUVER | C9: Winter | D9: 2 | E9: 1 | F9: WA | G9: Yes | H9: No | I9: 45980
A10: #0208 | B10: VANCOUVER | C10: Winter | D10: 1.5 | E10: 1 | F10: WA | G10: Yes | H10: Yes | I10: 45931 | K10: TECH | L10: STAMPS HELD
A11: #0209 | B11: VANCOUVER | C11: Winter | D11: 1.5 | E11: 1 | F11: WA | G11: Yes | H11: No | I11: 45974 | K11: RS | L11: FA, WA, EX, EM
A12: #0225 | B12: VANCOUVER | C12: Winter | D12: 2 | E12: 1 | F12: WA | G12: Yes | H12: Yes | I12: 45973 | K12: CG | L12: FA, WA, EX, EM, BF, SM
A13: #0240 | B13: VANCOUVER | C13: Winter | D13: 1.5 | E13: 1 | F13: WA | G13: Yes | H13: Yes | I13: 45954 | K13: CY | L13: FA, WA, EX, EM
A14: #0250 | B14: VANCOUVER | C14: Winter | D14: 1.5 | E14: 1 | F14: WA | G14: Yes | H14: Yes | I14: 45954 | K14: MV | L14: FA, WA, EX, EM, BF & FITTER
A15: #0293 | B15: VANCOUVER | C15: Winter | D15: 2 | E15: 1 | F15: WA | G15: No | H15: Yes | I15: 45954 | K15: PM | L15: FA, WA, EX, EM
A16: #0305 | C16: Winter | D16: 2.5 | E16: 1 | F16: WA | G16: No | H16: Yes | I16: CLOSED | K16: RD | L16: TRAINEE
A17: #0306 | B17: VANCOUVER | C17: Winter | D17: 1.5 | E17: 1 | F17: WA | G17: Yes | H17: Yes | I17: 45974 | K17: GW | L17: FA, WA, EX, EM
A18: #0308 | B18: VANCOUVER | C18: Winter | D18: 1 | E18: 1 | F18: WA | G18: No | H18: Yes | I18: 45986
A19: #0309 | B19: VANCOUVER | C19: Winter | D19: 1.5 | E19: 1 | F19: WA | G19: Yes | H19: Yes | I19: 45967
A20: #0318 | B20: RICHMOND | C20: Winter | D20: 2 | E20: 1 | F20: WA | G20: Yes | H20: Yes | I20: CLOSED | K20: COLOUR CODE | O20: Responsibility
A21: #0320 | B21: VANCOUVER | C21: Winter | D21: 1.5 | E21: 1 | F21: WA | G21: Yes | H21: Yes | I21: NOT REQUIRED 2025 | K21: DUE | L21: Needs To Be Scheduled | N21: ## | O21: Scheduling Department
A22: #0326 | B22: WEST VAN | C22: Winter | D22: 2.5 | E22: 1 | F22: WA | G22: No | H22: Yes | I22: 45937 | K22: SCHEDULED | L22: Scheduled & Confirmed | N22: ## | O22: Scheduling Department
A23: #0328 | B23: VANCOUVER | C23: Winter | D23: 2 | E23: 1 | F23: WA | G23: No | H23: Yes | I23: Nov.20/25 | K23: SEMI-COMPLETE | L23: Revisit Required To Complete Service | N23: ## | O23: Invoicing Department
A24: #0331 | B24: NEW WEST | C24: Winter | D24: 4 | E24: 2 | F24: WA | G24: Yes | H24: Yes | I24: 45952 | K24: COMPLETE | L24: Service 100% Complete | N24: ## | O24: Invoicing Department
A25: #0354 | B25: VANCOUVER | C25: Winter | D25: 1.5 | E25: 1 | F25: WA | G25: No | H25: No | I25: 45981
A26: #0357 | B26: VANCOUVER | C26: Winter | D26: 1.5 | E26: 1 | F26: WA | G26: No | H26: No | I26: 45974
A27: #0360 | B27: UBC | C27: Winter | D27: 4 | E27: 2 | F27: WA | G27: Yes | H27: Yes | I27: OCT 23RD/25 | K27: TOTAL LABOUR HRS: | L27: =(E3*F3)+(E4*F4)+(E5*F5)+(E6*F6)+(E7*F7)+(E8*F8)+(E9*F9)+(E10*F10)+(E11*F11)+(E12*F12)+(E13*F13)+(E14*F14)+(E15*F15)+(E16*F16)+(E17*F17)+(E18*F18)+(E19*F19)+(E21*F21)+(E22*F22)+(E23*F23)+(E24*F24)+(E25*F25)+(E26*F26)+(E27*F27)+(E28*F28)+(E29*F29)+(E30*F30)+(E31*F31)+(E32*F32)+(E34*F34)+(E35*F35)+(E36*F36)+(E37*F37)+(E38*F38)+(E39*F39)+(E40*F40)+(E41*F41)+(E42*F42)+(E43*F43)+(E44*F44)+(E45*F45)+(E46*F46)+(E47*F47)+(E48*F48)+(E49*F49)+(E50*F50)+(E51*F51)+(E52*F52)+(E53*F53)+(E54*F54)+(E55*F55)+(E56*F56)+(E57*F57)+(E58*F58)+(E59*F59)+(E60*F60)+(E61*F61)+(E62*F62)+(E63*F63)+(E64*F64)+(E65*F65)+(E66*F66)+(E67*F67)+(E68*F68)+(E69*F69)+(E70*F70)+(E71*F71)+(E72*F72)+(E73*F73)+(E74*F74)+(E75*F75)+(E76*F76)+(E77*F77)+(E78*F78)+(E79*F79)+(E80*F80)+(E81*F81)+(E82*F82)+(E83*F83)+(E84*F84)+(E85*F85)+(E86*F86)+(E87*F87)+(E88*F88)+(E89*F89)+(E90*F90)+(E91*F91)+(E92*F92)+(E93*F93)+(E94*F94)+(E95*F95)+(E96*F96)+(E97*F97)+(E98*F98)+(E99*F99)+(E100*F100) -> #VALUE!
A28: #0391 | B28: VANCOUVER | C28: Winter | D28: 1.5 | E28: 1 | F28: WA | G28: No | H28: Yes | I28: 45973
A29: #0392 | B29: VANCOUVER | C29: Winter | D29: 1.5 | E29: 1 | F29: WA | G29: Yes | H29: Yes | I29: 45994
A30: #0402 | C30: Winter | D30: 1.5 | E30: 1 | F30: WA | G30: No | H30: No | I30: discontinued service
A31: #0408 | B31: NEW WEST | C31: Winter | D31: 4 | E31: 2 | F31: WA | G31: Yes | H31: Yes | I31: 45973
A32: #0413 | B32: NEW WEST | C32: Winter | F32: WA | I32: 45982
A33: #0417 | B33: VANCOUVER | C33: Winter | D33: 1.5 | E33: 1 | F33: WA | G33: Yes | H33: Yes | I33: 45967
A34: #0419 | B34: LANGLEY | C34: Winter | D34: 2 | E34: 1 | F34: WA | G34: No | H34: No | I34: 45931
A35: #0420 | B35: VANCOUVER | C35: Winter | D35: 2 | E35: 1 | F35: WA | G35: Yes | H35: Yes | I35: 45981
A36: #0421 | B36: VANCOUVER | C36: Winter | D36: 1.5 | E36: 1 | F36: WA | G36: Yes | H36: Yes | I36: SEPT 29,25
A37: #0437 | B37: VANCOUVER | C37: Winter | D37: 1.5 | E37: 1 | F37: WA | G37: No | H37: Yes | I37: 45933
A38: #0460 | B38: BURNABY | C38: Winter | D38: 2 | E38: 1 | F38: WA | G38: No | H38: Yes | I38: 45975
A39: #0461 | I39: CLOSED
A40: #0462 | B40: VANCOUVER | C40: Winter | D40: 1.5 | E40: 1 | F40: WA | G40: Yes | H40: Yes | I40: 45974
A41: #0464 | C41: Winter | D41: 1.5 | E41: 1 | F41: WA | G41: Yes | H41: No | I41: CLOSED
A42: #0465 | C42: Winter | D42: 1.5 | E42: 1 | F42: WA | G42: Yes | H42: No | I42: CLOSED
A43: #0467 | B43: VANCOUVER | C43: Winter | D43: 0.5 | E43: 1 | H43: No | I43: CLOSED
A44: #0475 | B44: VANCOUVER | C44: Winter | D44: 1.5 | E44: 1 | F44: WA | G44: Yes | H44: No | I44: CLOSED
A45: #0477 | B45: VANCOUVER | C45: Winter | D45: 1.5 | E45: 1 | F45: WA | G45: No | H45: No | I45: 45979
A46: #0479 | B46: VANCOUVER | C46: Winter | D46: 2.5 | E46: 1 | F46: WA | G46: No | H46: Yes | I46: Dec 16 & 31, 2025
A47: #0490 | B47: VANCOUVER | C47: Winter | D47: 1.5 | E47: 1 | F47: WA | G47: Yes | H47: No | I47: 45982
A48: #0491 | B48: VANCOUVER | C48: Winter | D48: 1.5 | E48: 1 | F48: WA | G48: No | H48: No | I48: 45974
A49: #0496 | B49: VANCOUVER | C49: Winter | D49: 1.5 | E49: 1 | F49: WA | G49: No | H49: Yes | I49: 45974
A50: #0499 | B50: VANCOUVER | C50: Winter | D50: 1.5 | E50: 1 | F50: WA | G50: No | H50: Yes | I50: CLOSED
A51: #0504 | B51: VANCOUVER | C51: Winter | D51: 1.5 | E51: 2 | F51: WA | G51: Yes | H51: Yes | I51: CLOSED
A52: #0513 | B52: VANCOUVER | C52: Winter | D52: 2 | E52: 1 | F52: WA | G52: Yes | H52: Yes | I52: 45979
A53: #0516 | B53: VANCOUVER | C53: Winter | D53: 2.5 | E53: 1 | F53: WA | G53: Yes | H53: Yes | I53: 45995
A54: #0518 | B54: SURREY | C54: Winter | D54: 5 | E54: 2 | F54: WA | G54: Yes | H54: No | I54: 45981
A55: #0529 | B55: VANCOUVER | C55: Winter | D55: 2 | E55: 1 | F55: WA | G55: Yes | H55: No | I55: 45975
A56: #0541 | C56: Winter | I56: CLOSED
A57: #0548 | B57: VANCOUVER | C57: Winter | I57: 45982
A58: #0581 | B58: VANCOUVER | C58: Winter | D58: 2 | E58: 1 | F58: WA | G58: Yes | H58: Yes | I58: 45933
A59: #0583 | B59: VANCOUVER | C59: Winter | D59: 2.5 | E59: 1 | F59: WA | G59: Yes | H59: Yes | I59: 45982
A60: #0586 | B60: VANCOUVER | C60: Winter | D60: 2 | E60: 1 | F60: WA | G60: Yes | H60: Yes | I60: 45974
A61: #0591 | B61: NEW WEST | C61: Winter | D61: 1.5 | E61: 1 | F61: WA | G61: No | H61: Yes | I61: 45967
A62: #0598 | B62: RICHMOND | C62: Winter | D62: 2 | E62: 1 | F62: WA | G62: Yes | H62: No | I62: 45981
A63: #0609 | B63: VANCOUVER | C63: Winter | D63: 1.5 | E63: 1 | F63: WA | G63: Yes | H63: Yes | I63: 45933
A64: #0612 | B64: VANCOUVER | C64: Winter | D64: 2 | E64: 1 | F64: WA | G64: Yes | H64: Yes | I64: 45968
A65: #0617 | B65: VANCOUVER | C65: Winter | D65: 2 | E65: 1 | F65: WA | G65: Yes | H65: Yes | I65: 45961
A66: #0618 | B66: VANCOUVER | C66: Winter | D66: 2 | E66: 1 | F66: WA | G66: Yes | H66: Yes | I66: 45971
A67: #0619 | B67: VANCOUVER | C67: Winter | D67: 1.5 | E67: 1 | F67: WA | G67: Yes | H67: Yes | I67: 45971
A68: #0627 | B68: VANCOUVER | C68: Winter | D68: 2.5 | E68: 1 | F68: WA | G68: Yes | H68: No | I68: 45981
A69: #0646 | B69: VANCOUVER | C69: Winter | D69: 1.5 | E69: 1 | F69: WA | G69: Yes | H69: Yes | I69: CLOSED
A70: #0652 | B70: VANCOUVER | C70: Winter | D70: 3 | E70: 2 | F70: WA | G70: No | H70: Yes | I70: CLOSED
A71: #0654 | C71: Winter | D71: 1.5 | E71: 1 | F71: WA | G71: Yes | H71: Yes | I71: CLOSED
A72: #0660 | B72: VANCOUVER | C72: Winter | D72: 2.5 | E72: 1 | F72: WA | G72: Yes | H72: No | I72: 45982
A73: #0663 | C73: Winter | I73: CLOSED
A74: #0674 | B74: VANCOUVER | C74: Winter | D74: 1.5 | E74: 1 | F74: WA | G74: Yes | H74: Yes | I74: 45994
A75: #0678 | C75: Winter | D75: 1.5 | E75: 1 | F75: WA | G75: No | H75: Yes | I75: Dec.04/24 | J75: Closed file on July 29, 2025
A76: #0690 | B76: VANCOUVER | C76: Winter | D76: 1.5 | E76: 1 | F76: WA | G76: Yes | H76: No | I76: 45982
A77: #0696 | B77: VANCOUVER | C77: Winter | D77: 4 | E77: 2 | F77: WA | G77: Yes | H77: Yes | I77: OCT 23RD/25
A78: #0698 | B78: VANCOUVER | C78: Winter | D78: 3 | E78: 1 | F78: WA | G78: Yes | H78: Yes | I78: 45986
A79: #0699 | B79: VANCOUVER | C79: Winter | D79: 6 | E79: 2 | F79: WA | G79: Yes | H79: No | I79: Sept.26/25
A80: #0701 | B80: NEW WEST | C80: Winter | D80: 3 | E80: 1 | F80: WA | G80: Yes | H80: Yes | I80: 45975
A81: #0717 | B81: VANCOUVER | C81: Winter | D81: 1.5 | E81: 1 | F81: WA | G81: Yes | H81: No | I81: 45995
A82: #0734 | B82: BURNABY | C82: Winter | D82: 1.5 | E82: 1 | F82: WA | G82: No | H82: No | I82: 45975
A83: #0753 | B83: VANCOUVER | C83: Winter | D83: 3 | E83: 1 | F83: WA | G83: No | H83: Yes | I83: 45979
A84: #0772 | B84: VANCOUVER | C84: WINTER | F84: WA | I84: Done with Annual Nov 5, 2025 | J84: New account - insert here for next year 2025
A85: #0773 | B85: RICHMOND | C85: Winter & Kitchen | I85: 45993
A86: #0779 | B86: VANCOUVER | C86: Winter | I86: 45978
A87: #0781 | B87: UBC GOLF CLUB | C87: Winter | I87: 45979 | J87: New account
A88: #0786 | B88: VANCOUVER | C88: WINTER | D88: 2 | E88: 1 | F88: WA | G88: N | H88: N
A89: #0644 | B89: BURNABY | C89: WINTER | F89: WA | G89: N | H89: N | I89: 45965
A90: #0808 | B90: VANCOUVER | C90: WINTER | D90: 1.5 | E90: 1 | F90: WA | G90: N | H90: Y | I90: DBO 2025
A91: #0802 | B91: WEST VAN | C91: WINTER | F91: WA | G91: N | H91: No | I91: 45965
A92: #0061 | B92: VANCOUVER | C92: WINTER | F92: WA | G92: N | H92: N | I92: 45974
A93: #0722 | B93: VANCOUVER | C93: WINTER | F93: WA | G93: N | H93: N | I93: 45975
D95: =SUM(D2:D93) -> 155

Sheet OCT
B1: OCTOBER | K1: TECH REPORTS
A2: ANNUAL AGREEMENT SIGNED? | B2: FILE # | C2: CITY | D2: SERVICE TYPE | E2: # OF HRS REQ | F2: # OF TECHS | G2: STAMP/S REQ | H2: CONTRACTOR | I2: KEYS | J2: LAST COMPLETED | K2: REPORT IN EMAIL | L2: REPAIRS NEEDED | M2: REPORT COMPLETE | N2: ANNUAL REPORT SENT | O2: ASA sent | Q2: STAMP | R2: DEFINITION
A3: FALSE | B3: #0012 | C3: Vancouver | D3: Annual | E3: 1.5 | F3: 2 | G3: FA, EX, EM | H3: No | I3: No | J3: 45964 | K3: TRUE | L3: TRUE | M3: TRUE | N3: TRUE | O3: TRUE | P3: no report rec'd | Q3: FA | R3: Fire Alarm
A4: FALSE | B4: #0022 | C4: Vancouver | D4: Annual & Winter | E4: 8 | F4: 2 | G4: FA, EX, EM, WA | H4: Yes | I4: Yes | J4: OCT 27/25 EMAILED | K4: TRUE | L4: TRUE | M4: TRUE | N4: TRUE | O4: TRUE | Q4: WA | R4: Sprinkler
A5: FALSE | B5: #0025 | C5: Vancouver | D5: Winter | E5: 1.5 | F5: 2 | G5: FA, WA | H5: Yes | I5: Yes | J5: 45937 | K5: TRUE | L5: FALSE | M5: TRUE | N5: FALSE | O5: FALSE | Q5: EX | R5: Fire Extinguisher
A6: FALSE | B6: #0038 | C6: Vancouver | D6: Annual (every even yr) | E6: 1 | F6: 1 | G6: None | H6: No | I6: No | J6: Next Due 2026 | K6: FALSE | L6: FALSE | M6: FALSE | N6: FALSE | O6: FALSE | Q6: EM | R6: Emergency Lights
A7: FALSE | B7: #0048-1 | C7: Vancouver | D7: Annual | E7: 1 | F7: 1 | G7: EX, EM | H7: No | I7: No | J7: 45828 | K7: TRUE | L7: FALSE | M7: TRUE | N7: TRUE | O7: FALSE | P7: Moved to June tab | Q7: BF | R7: Backflow
A8: FALSE | B8: #0058 | C8: Vancouver | D8: Annual | E8: 1 | F8: 1 | G8: EX, EM | H8: No | I8: No | J8: July 17, 2025 | K8: TRUE | L8: FALSE | M8: TRUE | N8: TRUE | O8: FALSE | P8: Moved to July tab | Q8: SM | R8: Smoke Control
A9: FALSE | B9: #0061 | C9: Vancouver | D9: FP, Hoses, BF & Winter | E9: 4 | F9: 2 | G9: FA, WA, BF | H9: Yes | I9: Yes | J9: SEPT 18 2025 | K9: TRUE | L9: FALSE | M9: FALSE | N9: FALSE | O9: FALSE | P9: Winter move to Nov, 2025 | Q9: TECH | R9: STAMPS HELD
A10: TRUE | B10: #0073 | C10: Vancouver | D10: Winter | E10: 4 | F10: 2 | G10: FA, WA | H10: No | I10: Yes | J10: 45957 | K10: TRUE | L10: FALSE | M10: FALSE | N10: FALSE | O10: FALSE | Q10: RS | R10: FA, WA, EX, EM
A11: FALSE | B11: #0083 | C11: Vancouver | D11: Annual & Winter | E11: 8 | F11: 2 | G11: FA, EX, EM, WA | H11: Yes | I11: Yes | J11: 45947 | K11: TRUE | L11: FALSE | M11: FALSE | N11: FALSE | O11: FALSE | Q11: CG | R11: FA, WA, EX, EM, BF, SM
A12: FALSE | B12: #0112 | C12: Burnaby | D12: Annual & Hydrant | E12: 3.5 | F12: 2 | G12: FA, WA, EX, EM | H12: Yes | I12: No | J12: 45993 | K12: TRUE | L12: TRUE | M12: TRUE | N12: TRUE | O12: TRUE | Q12: CY | R12: FA, WA, EX, EM
A13: FALSE | B13: #0126 | C13: Langley | D13: Annual | E13: 16 | F13: 2 | G13: FA, WA, EX | H13: No | I13: No | J13: SEE RUSS | K13: FALSE | L13: FALSE | M13: FALSE | N13: FALSE | O13: FALSE | P13: file with RS don't schedule | Q13: MV | R13: FA, WA, EX, EM, BF & FITTER
A14: TRUE | B14: #0131 | C14: Richmond | D14: Annual | E14: 2.5 | F14: 1 | G14: NONE | H14: No | I14: No | J14: 45966 | K14: TRUE | L14: TRUE | M14: TRUE | N14: TRUE | O14: TRUE
A15: FALSE | B15: #0153 | C15: Vancouver | D15: Annual | E15: 1 | F15: 1 | G15: EX, EM | H15: No | I15: No | J15: 45965 | K15: TRUE | L15: FALSE | M15: TRUE | N15: TRUE | O15: FALSE | Q15: PM | R15: FA, WA, EX, EM
A16: FALSE | B16: #0269 | C16: Vancouver | D16: Annual | E16: 1.5 | F16: 2 | G16: FA, EX, EM | H16: No | I16: Yes | J16: 45994 | K16: TRUE | L16: FALSE | M16: FALSE | N16: FALSE | O16: FALSE | Q16: RD | R16: TRAINEE
A17: FALSE | B17: #0270 | C17: Vancouver | D17: Winter & EX + Hoses | E17: 2.5 | F17: 2 | G17: WA, EX | H17: Yes | I17: Yes | J17: 45965 | K17: FALSE | L17: FALSE | M17: FALSE | N17: FALSE | O17: FALSE | Q17: GW | R17: FA, WA, EX, EM
A18: FALSE | B18: #0278 | C18: Vancouver | D18: Winter | E18: 4 | F18: 2 | G18: FA, WA | H18: No | I18: Yes | J18: CLOSED ACCOUNT | K18: FALSE | L18: FALSE | M18: FALSE | N18: FALSE | O18: FALSE | P18: CLOSED
A19: FALSE | B19: #0279 | D19: Annual | E19: 3 | F19: 1 | G19: FA, WA, EX, BF | H19: No | I19: No | J19: CLOSED ACCOUNT | K19: FALSE | L19: FALSE | M19: FALSE | N19: FALSE | O19: FALSE | P19: CLOSED
A20: FALSE | B20: #0280 | C20: New Westminster | D20: Annual & Winter | E20: 8 | F20: 2 | G20: FA, WA, EX, EM, BF | H20: Yes | I20: Yes | J20: CLOSED ACCOUNT | K20: FALSE | L20: FALSE | M20: FALSE | N20: FALSE | O20: FALSE | P20: CLOSED | Q20: COLOUR CODE | U20: Responsibility
A21: FALSE | B21: #0297 | C21: Vancouver | D21: Annual & Winter | E21: 5.5 | F21: 2 | G21: FA, WA, EX, EM, BF | H21: Yes | I21: Yes | J21: 45944 | K21: TRUE | L21: TRUE | M21: TRUE | N21: TRUE | O21: TRUE | Q21: DUE | R21: Needs To Be Scheduled | T21: ## | U21: Scheduling Department
A22: FALSE | B22: #0311 | C22: Vancouver | D22: Annual | E22: 8 | F22: 2 | G22: FA, WA, EX, EM | H22: Yes | I22: Yes | J22: CLOSED ACCOUNT | K22: FALSE | L22: FALSE | M22: FALSE | N22: FALSE | O22: FALSE | P22: CLOSED | Q22: SCHEDULED | R22: Scheduled & Confirmed | T22: ## | U22: Scheduling Department
A23: FALSE | B23: #0323 | C23: Vancouver | D23: Winter, | E23: 3 | F23: 1 | G23: FA, WA | I23: Yes | J23: 45965 | K23: FALSE | L23: FALSE | M23: FALSE | N23: FALSE | O23: FALSE | Q23: SEMI-COMPLETE | R23: Revisit Required To Complete Service | T23: ## | U23: Invoicing Department
A24: FALSE | B24: #0327 | C24: Vancouver | D24: Winter | E24: 1.5 | F24: 2 | G24: FA, WA | H24: No | I24: Yes | J24: 45968 | K24: TRUE | L24: FALSE | M24: FALSE | N24: FALSE | O24: FALSE | Q24: COMPLETE | R24: Service 100% Complete | T24: ## | U24: Invoicing Department
A25: FALSE | B25: #0328 | C25: Vancouver | D25: Annual | E25: 5 | F25: 2 | G25: FA, WA, EX, EM, BF | H25: No | I25: Yes | J25: 45870 | K25: TRUE | L25: TRUE | M25: TRUE | N25: TRUE | O25: TRUE | P25: Moved to Aug tab
A26: FALSE | B26: #0339 | C26: Vancouver | D26: Annual | E26: 1.5 | F26: 1 | G26: EX, EM | H26: No | I26: No | J26: 45961 | K26: TRUE | L26: TRUE | M26: TRUE | N26: TRUE | O26: TRUE | Q26: TOTAL LABOUR HOURS: | R26: =(E3*F3)+(E4*F4)+(E5*F5)+(E6*F6)+(E7*F7)+(E8*F8)+(E9*F9)+(E10*F10)+(E11*F11)+(E12*F12)+(E13*F13)+(E15*F15)+(E16*F16)+(E17*F17)+(E18*F18)+(E19*F19)+(E20*F20)+(E21*F21)+(E22*F22)+(E23*F23)+(E24*F24)+(E25*F25)+(E26*F26)+(E27*F27)+(E28*F28)+(E29*F29)+(E30*F30)+(E31*F31)+(E32*F32)+(E34*F34)+(E35*F35)+(E36*F36)+(E37*F37)+(E38*F38)+(E39*F39)+(E40*F40)+(E41*F41)+(E42*F42)+(E44*F44)+(E45*F45)+(E46*F46)+(E47*F47)+(E48*F48)+(E49*F49)+(E50*F50)+(E51*F51)+(E52*F52)+(E53*F53)+(E54*F54)+(E55*F55)+(E56*F56)+(E57*F57)+(E58*F58)+(E59*F59)+(E60*F60)+(E61*F61)+(E62*F62)+(E63*F63)+(E64*F64)+(E65*F65)+(E66*F66)+(E67*F67)+(E68*F68)+(E69*F69)+(E70*F70)+(E71*F71)+(E72*F72)+(E73*F73)+(E74*F74)+(E75*F75)+(E76*F76)+(E77*F77)+(E78*F78)+(E79*F79)+(E80*F80)+(E81*F81)+(E82*F82)+(E83*F83)+(E84*F84)+(E85*F85)+(E86*F86)+(E87*F87)+(E88*F88)+(E89*F89)+(E90*F90)+(E91*F91)+(E92*F92)+(E93*F93)+(E94*F94)+(E95*F95)+(E96*F96)+(E97*F97)+(E98*F98)+(E99*F99)+(E100*F100)+(E101*F101)+(E102*F102)+(E103*F103)+(E104*F104) -> 555.5
A27: FALSE | B27: #0384 | C27: North Vancouver | D27: Annual | E27: 2 | F27: 1 | G27: FA, EX, EM | H27: No | I27: No | J27: 45999 | K27: TRUE | L27: TRUE | M27: TRUE | N27: TRUE | O27: TRUE | P27: JS
A28: FALSE | B28: #0397 | C28: Vancouver | D28: Winter | E28: 2 | F28: 1 | G28: FA, WA | H28: Yes | I28: Yes | J28: 45971 | K28: TRUE | L28: FALSE | M28: FALSE | N28: FALSE | O28: FALSE | Q28: TOTAL AVAILABLE LABOUR HOURS IN THE MONTH | T28: 708 | V28: Based on 4 Techs in the field. Derived by (days of month divided by 7 then times by 5) x (number of techs times by 8)
A29: FALSE | B29: #0402-1 | C29: Bowen Island | D29: Annual | F29: 1 | G29: EX | H29: No | I29: No | J29: CLOSED ACCOUNT | K29: FALSE | L29: FALSE | M29: FALSE | N29: FALSE | O29: FALSE | P29: CLOSED
A30: FALSE | B30: #0424 | C30: Vancouver | D30: FA, Suites & Winter | E30: 4 | F30: 2 | G30: FA, WA | H30: Yes | I30: Yes | J30: 45974 | K30: FALSE | L30: FALSE | M30: FALSE | N30: FALSE | O30: FALSE
A31: FALSE | B31: #0442 | C31: Burnaby | D31: WINTER | E31: 1.5 | F31: 2 | G31: FA, WA | H31: Yes | I31: Yes | J31: 45975 | K31: FALSE | L31: FALSE | M31: FALSE | N31: FALSE | O31: FALSE | Q31: REMAINING LABOUR HRS | S31: =T28-R26 -> 152.5 | V31: Account for Winter service hours
A32: FALSE | B32: #0445 | C32: Vancouver | D32: Annual & Winter | E32: 5 | F32: 2 | G32: FA, WA, EX, EM | H32: No | I32: No | J32: CLOSED ACCOUNT | K32: FALSE | L32: FALSE | M32: FALSE | N32: FALSE | O32: FALSE | P32: CLOSED
B33: #0446 | C33: Vancouver | D33: Annual | E33: 2 | F33: 1 | G33: EX, WA | I33: No | J33: 45944 | K33: TRUE | L33: FALSE | M33: FALSE | N33: FALSE | O33: FALSE
A34: FALSE | B34: #0447 | C34: Vancouver | D34: Annual | E34: 16 | F34: 3 | G34: FA, WA, EX, EM | H34: Yes | I34: Yes | J34: OCT 20 & 21, 2025 | K34: TRUE | L34: TRUE | M34: TRUE | N34: TRUE | O34: TRUE
A35: FALSE | B35: #0512 | C35: Vancouver | D35: Annual | E35: 5 | F35: 2 | G35: FA, WA, EX, EM | H35: Yes | I35: Yes | J35: 46009 | K35: TRUE | L35: TRUE | M35: TRUE | N35: TRUE | O35: FALSE
A36: FALSE | B36: #0520 | C36: Burnaby | D36: Annual | E36: 40 | F36: 3 | G36: FA, WA, EX, EM | H36: Yes | I36: Yes | J36: CLOSED ACCOUNT | K36: FALSE | L36: FALSE | M36: FALSE | N36: FALSE | O36: FALSE | P36: CLOSED
A37: TRUE | B37: #0521 | C37: Burnaby | D37: Kitchen & Winter | E37: 4 | F37: 1 | G37: FA, WA | H37: Yes | I37: Yes | J37: 45968 | K37: TRUE | L37: FALSE | M37: FALSE | N37: FALSE | O37: FALSE
A38: FALSE | B38: #0532 | C38: Vancouver | D38: Annual | E38: 4 | F38: 2 | G38: FA, WA, EX, EM, BF | H38: No | I38: No | J38: 45986 | K38: TRUE | L38: FALSE | M38: FALSE | N38: FALSE | O38: FALSE
A39: FALSE | B39: #0569 | C39: Vancouver | D39: Annual, Winter & Kitchen | E39: 3.5 | F39: 2 | G39: FA, WA, EX, EM | H39: Yes | I39: Yes | J39: 45966 | K39: TRUE | L39: TRUE | M39: TRUE | N39: TRUE | O39: TRUE | P39: Kitchen was done by Excel Fire in October, 2024 instead of Great West. See 2024 annual report
A40: FALSE | B40: #0615 | C40: Vancouver | D40: Annual & Winter | E40: 10 | F40: 2 | G40: FA, WA, EX, EM | H40: Yes | I40: Yes | J40: Nov 24 & 25, 2025 | K40: TRUE | L40: FALSE | M40: FALSE | N40: FALSE | O40: FALSE
A41: FALSE | B41: #0624 | C41: Vancouver | D41: Annual | E41: 8 | F41: 2 | G41: FA, WA, EX, EM, BF | H41: Yes | I41: No | J41: 45947 | K41: TRUE | L41: TRUE | M41: TRUE | N41: TRUE | O41: TRUE
A42: FALSE | B42: #0628 | C42: Vancouver | D42: Annual | E42: 3 | F42: 2 | G42: FA, WA, EX, EM | H42: No | I42: No | J42: Moved to Aug | K42: TRUE | L42: FALSE | M42: TRUE | N42: TRUE | O42: FALSE
A43: FALSE | B43: #0643 | C43: Vancouver | D43: Annual | E43: 3 | F43: 2 | G43: FA, EX, EM | H43: No | I43: No | J43: 45952 | K43: TRUE | L43: TRUE | M43: TRUE | N43: TRUE | O43: FALSE
A44: FALSE | B44: #0661 | C44: North Vancouver | D44: Monthly | E44: 2 | F44: 1 | G44: FA, WA, EX, EM | H44: No | I44: Yes | J44: 45937 | K44: TRUE | L44: FALSE | M44: FALSE | N44: FALSE | O44: FALSE
A45: FALSE | B45: #0668 | C45: Vancouver | D45: Annual | E45: 3 | F45: 2 | G45: FA, EX, EM | H45: Yes | I45: No | J45: 45971 | K45: TRUE | L45: TRUE | M45: TRUE | N45: TRUE | O45: TRUE
A46: FALSE | B46: #0675 | C46: Vancouver | D46: Annual | E46: 5 | F46: 2 | G46: FA, WA, EX, EM, BF | H46: Yes | I46: No | J46: 45958 | K46: TRUE | L46: TRUE | M46: TRUE | N46: TRUE | O46: TRUE
A47: FALSE | B47: #0712 | C47: Vancouver | D47: Annual & Winter | E47: 8 | F47: 2 | G47: FA, WA, EX, EM | H47: Yes | I47: Yes | J47: 45960 | K47: TRUE | L47: TRUE | M47: TRUE | N47: TRUE | O47: TRUE
A48: FALSE | B48: #0729 | C48: Vancouver | D48: Annual | E48: 1 | F48: 1 | G48: EX, EM | H48: No | I48: No | J48: 45937 | K48: TRUE | L48: FALSE | M48: TRUE | N48: TRUE | O48: FALSE
A49: FALSE | B49: #0741 | C49: Vancouver | D49: Annual & Winter | E49: 16 | F49: 2 | G49: WA, EX, EM, BF | H49: Yes | I49: No | J49: OCT 23 & 24, 2025 | K49: TRUE | L49: FALSE | M49: FALSE | N49: FALSE | O49: FALSE
A50: FALSE | B50: #0743 | C50: Vancouver | D50: Annual | E50: 2 | F50: 1 | G50: EX, EM | H50: No | I50: No | J50: Dec 17/ 25 | K50: TRUE | L50: TRUE | M50: TRUE | N50: TRUE | O50: TRUE
A51: FALSE | B51: #0763 | C51: Vancouver | D51: Annual | E51: 2 | F51: 4.5 | G51: FA, WA, EX, EM, BF | J51: 45965 | K51: TRUE | L51: TRUE | M51: TRUE | N51: TRUE | O51: TRUE
A52: FALSE | B52: #0784 | C52: Vancouver | D52: Annual | E52: 1 | F52: 1 | G52: EX, EM | H52: No | I52: No | J52: 45961 | K52: TRUE | L52: FALSE | M52: TRUE | N52: TRUE | O52: FALSE
A53: FALSE | B53: #0438 | C53: Richmond | D53: Suppression | H53: Yes | I53: No | J53: 45953 | K53: FALSE | L53: FALSE | M53: FALSE | N53: FALSE | O53: FALSE
A54: FALSE | B54: #0811 | C54: Maple Ridge | D54: Annual | E54: 8 | F54: 1 | G54: EX, EM, BF, WA | I54: No | J54: 45936 | K54: TRUE | L54: TRUE | M54: TRUE | N54: TRUE | O54: TRUE
A55: FALSE | B55: #0812 | C55: Delta | D55: Annual | E55: 1 | F55: 1 | G55: EX, EM | H55: No | I55: No | J55: CLOSED | K55: FALSE | L55: FALSE | M55: FALSE | N55: FALSE | O55: FALSE | P55: CLOSED
A56: FALSE | B56: #0074 | C56: Vancouver | D56: Annual | E56: 1 | F56: 1 | G56: EX | J56: 45957 | K56: TRUE | L56: FALSE | M56: TRUE | N56: TRUE | O56: FALSE
A57: FALSE | B57: #0498 | C57: Port Coquitlam | D57: Annual | E57: 8 | F57: 3 | G57: WA, EX, EM | H57: Yes | I57: No | J57: OCT15/16, 25 | K57: TRUE | L57: TRUE | M57: TRUE | N57: TRUE | O57: TRUE
A58: FALSE | B58: #0614 | C58: Vancouver | D58: Annual | E58: 1 | F58: 1 | G58: EX | H58: No | I58: No | J58: 45952 | K58: TRUE | L58: FALSE | M58: TRUE | N58: TRUE | O58: FALSE
A59: FALSE | B59: #0594 | C59: Vancouver | D59: Annual | E59: 1 | F59: 1 | G59: EX, EM | H59: No | I59: No | J59: 45959 | K59: TRUE | L59: FALSE | M59: TRUE | N59: TRUE | O59: FALSE
E61: =SUM(E2:E59) -> 269.5

Sheet NOV
B1: NOVEMBER | K1: TECH REPORTS
A2: ANNUAL AGREEMENT SIGNED? | B2: FILE # | C2: CITY | D2: SERVICE TYPE | E2: # OF HRS REQ | F2: # OF TECHS | G2: STAMP/S REQ | H2: CONTRACTOR | I2: KEYS | J2: LAST COMPLETED | K2: REPORT IN EMAIL | L2: REPAIRS NEEDED | M2: REPORT COMPLETE | N2: ANNUAL REPORT SENT | O2: ASA sent | Q2: NOTES | R2: STAMP | S2: DEFINITION
A3: FALSE | B3: #0021 | C3: Vancouver | D3: Annual | E3: 2 | F3: 1 | G3: FA, EX | H3: No | I3: No | J3: 45989 | K3: TRUE | L3: FALSE | M3: TRUE | N3: TRUE | O3: FALSE | R3: FA | S3: Fire Alarm
A4: FALSE | B4: #0024 | C4: Vancouver | D4: Annual & Winter | E4: 6 | F4: 2 | G4: FA, EX, EM, WA | H4: Yes | I4: Yes | J4: 45964 | K4: TRUE | L4: TRUE | M4: TRUE | N4: TRUE | O4: FALSE | R4: WA | S4: Sprinkler
A5: FALSE | B5: #0054 | C5: Vancouver | D5: Winter | E5: 2 | F5: 2 | G5: FA, WA | H5: Yes | I5: Yes | J5: 45981 | K5: TRUE | L5: FALSE | M5: FALSE | N5: FALSE | O5: FALSE | R5: EX | S5: Fire Extinguisher
A6: FALSE | B6: #0070 | C6: Vancouver | D6: Winter (+0070-1 K) | E6: 3 | F6: 1 | G6: FA, WA | H6: Yes | I6: Yes | J6: 45958 | K6: TRUE | L6: FALSE | M6: FALSE | N6: FALSE | O6: FALSE | R6: EM | S6: Emergency Lights
A7: FALSE | B7: #0070-1 | C7: Vancouver | D7: Kitchen (+0070 Wntr) | E7: 1 | F7: 1 | G7: FA | H7: Yes | I7: No | J7: 46029 | K7: FALSE | L7: FALSE | M7: FALSE | N7: FALSE | O7: FALSE | R7: BF | S7: Backflow
A8: FALSE | B8: #0071 | C8: Vancouver | D8: Annual | E8: 1 | F8: 1 | G8: EX, EM | H8: No | I8: No | J8: 45989 | K8: TRUE | L8: TRUE | M8: TRUE | N8: TRUE | O8: TRUE | P8: undeliverable email | R8: SM | S8: Smoke Control
A9: FALSE | B9: #0098 | C9: Vancouver | D9: Winter, EX & EM | E9: 3 | F9: 1 | G9: EX, EM, WA | H9: Yes | I9: Yes | J9: Nov.26/25 | K9: TRUE | L9: FALSE | M9: FALSE | N9: FALSE | O9: FALSE
A10: FALSE | B10: #0107 | C10: Vancouver | D10: Annual & Winter | E10: 7 | F10: 2 | G10: FA, WA, EX, EM | H10: Yes | I10: Yes | J10: 46003 | K10: TRUE | L10: TRUE | M10: TRUE | N10: TRUE | O10: TRUE | R10: TECH | S10: STAMPS HELD
A11: FALSE | B11: #0172 | C11: Vancouver | D11: Winter, EX & EM | E11: 2 | F11: 2 | G11: WA, EX, EM | H11: Yes | I11: No | J11: Nov.06/24 | K11: FALSE | L11: FALSE | M11: FALSE | N11: FALSE | O11: FALSE | P11: CLOSED | R11: RS | S11: FA, WA, EX, EM
A12: FALSE | B12: #0210 | C12: Vancouver | D12: Annual & Winter minus BF | E12: 3 | F12: 2 | G12: FA, EX, EM | H12: Yes | I12: No | J12: 45666 | K12: TRUE | L12: TRUE | M12: TRUE | N12: TRUE | O12: FALSE | R12: CG | S12: FA, WA, EX, EM, BF, SM
A13: FALSE | B13: #0191 | C13: Port Coquitlam | D13: ANNUAL & BF (PIT EQUIP REQ) | E13: 6.5 | F13: 2 | G13: FA, WA, EX, EM, BF | H13: No | I13: No | J13: 46014 | K13: TRUE | L13: TRUE | M13: TRUE | N13: TRUE | O13: TRUE | R13: CY | S13: FA, WA, EX, EM
A14: FALSE | B14: #0222 | C14: Vancouver | D14: Winter | E14: 2 | F14: 1 | G14: WA | H14: Yes | I14: Yes | J14: 45987 | K14: FALSE | L14: FALSE | M14: FALSE | N14: FALSE | O14: FALSE | R14: MV | S14: FA, WA, EX, EM, BF & FITTER
A15: FALSE | B15: #0231 | C15: Vancouver | D15: Annual | E15: 2 | F15: 1 | G15: EX, EM | H15: No | I15: No | K15: FALSE | L15: FALSE | M15: FALSE | N15: FALSE | O15: FALSE | P15: NO LONGER A SYNAGOGUE | R15: PM | S15: FA, WA, EX, EM
A16: FALSE | B16: #0238 | C16: Vancouver | D16: Annual & Winter | E16: 2.5 | F16: 2 | G16: WA, EX, EM | H16: No | I16: Yes | J16: 46013 | K16: TRUE | L16: TRUE | M16: TRUE | N16: TRUE | O16: TRUE | R16: RD | S16: TRAINEE
A17: FALSE | B17: #0242 | C17: Vancouver | D17: Winter | E17: 1.5 | F17: 1 | G17: WA | H17: Yes | I17: No | J17: 45980 | K17: TRUE | L17: FALSE | M17: FALSE | N17: FALSE | O17: FALSE | R17: GW | S17: FA, WA, EX, EM
A18: FALSE | B18: #0244 | C18: Burnaby | D18: Annual & Winter | E18: 8 | F18: 2 | G18: FA, WA, EX, EM, BF | H18: No | I18: Yes | J18: 46010 | K18: TRUE | L18: FALSE | M18: FALSE | N18: FALSE | O18: FALSE
A19: FALSE | B19: #0330 | C19: Vancouver | D19: Annual FA, EL Kitchen & Winter | E19: 4 | F19: 2 | G19: FA, WA, EM | H19: Yes | I19: No | J19: 46014 | K19: TRUE | L19: TRUE | M19: TRUE | N19: TRUE | O19: TRUE
A20: FALSE | B20: #0330-1 | C20: Vancouver | D20: Annual (+ Winter?) | E20: 3 | F20: 2 | G20: FA, EX, EM, | H20: No | I20: No | J20: 46014 | K20: TRUE | L20: TRUE | M20: TRUE | N20: TRUE | O20: TRUE
A21: FALSE | B21: #0331 | C21: New Westminster | D21: Annual | E21: 24 | F21: 2 | G21: FA, WA, EX, EM, BF | H21: Yes | I21: Yes | J21: Moved to June | K21: FALSE | L21: FALSE | M21: FALSE | N21: FALSE | O21: FALSE | Q21: notice's not posted in 2023, annual now due May/June 2025 | R21: COLOUR CODE | V21: Responsibility
A22: TRUE | B22: #0400 | C22: Burnaby | D22: Annual & Kitchen | E22: 4 days | F22: 2 (3 for suites) | G22: FA, WA, EX, EM | H22: Yes | I22: Yes | J22: Dec 12-18/25 | K22: TRUE | L22: FALSE | M22: FALSE | N22: FALSE | O22: FALSE | R22: DUE | S22: Needs To Be Scheduled | U22: ## | V22: Scheduling Department
A23: FALSE | B23: #0425 | C23: Surrey | D23: Annual | E23: 1 | F23: 1 | G23: EX, EM | H23: No | I23: No | J23: 45974 | K23: TRUE | L23: FALSE | M23: TRUE | N23: TRUE | O23: FALSE | R23: SCHEDULED | S23: Scheduled & Confirmed | U23: ## | V23: Scheduling Department
A24: FALSE | B24: #0444 | C24: Vancouver | D24: Wet Sprinkler & 2nd Winter | E24: 2.5 | F24: 1 | G24: WA | H24: No | I24: No | J24: Nov 28 & Dec 16/25 | K24: TRUE | L24: FALSE | M24: FALSE | N24: FALSE | O24: FALSE | R24: SEMI-COMPLETE | S24: Revisit Required To Complete Service | U24: ## | V24: Invoicing Department
A25: FALSE | B25: #0455 | C25: Vancouver | D25: Annual | E25: 2.5 | F25: 1 | G25: EX, EM | H25: No | I25: No | K25: FALSE | L25: FALSE | M25: FALSE | N25: FALSE | O25: FALSE | P25: NO LONGER THE SAME TENANT | R25: COMPLETE | S25: Service 100% Complete | U25: ## | V25: Invoicing Department
A26: FALSE | B26: #0480 | C26: Coquitlam | D26: Annual | E26: 1 | F26: 1 | G26: EX, EM | H26: No | I26: No | J26: 46022 | K26: TRUE | L26: TRUE | M26: TRUE | N26: TRUE | O26: TRUE
A27: FALSE | B27: #0506 | C27: Langley | D27: Annual | F27: 2 | G27: WA, EX, EM, BF | H27: No | I27: No | J27: 46013 | K27: FALSE | L27: FALSE | M27: FALSE | N27: FALSE | O27: FALSE | P27: CLOSED
A28: FALSE | B28: #0514 | C28: Vancouver | D28: Annual & Winter | E28: 5 | F28: 2 | G28: FA, WA, EX, EM | H28: Yes | I28: Yes | J28: 45971 | K28: TRUE | L28: TRUE | M28: TRUE | N28: TRUE | O28: FALSE | R28: TOTAL LABOUR HOURS: | S28: =(E3*F3)+(E4*F4)+(E5*F5)+(E6*F6)+(E7*F7)+(E8*F8)+(E9*F9)+(E10*F10)+(E11*F11)+(E12*F12)+(E13*F13)+(E14*F14)+(E15*F15)+(E16*F16)+(E17*F17)+(E18*F18)+(E19*F19)+(E20*F20)+(E21*F21)+(E22*F22)+(E23*F23)+(E24*F24)+(E25*F25)+(E26*F26)+(E27*F27)+(E28*F28)+(E29*F29)+(E30*F30)+(E31*F31)+(E32*F32)+(E33*F33)+(E34*F34)+(E35*F35)+(E36*F36)+(E37*F37)+(E38*F38)+(E39*F39)+(E40*F40)+(E41*F41)+(E42*F42)+(E43*F43)+(E44*F44)+(E45*F45)+(E46*F46)+(E47*F47)+(E48*F48)+(E49*F49)+(E51*F51)+(E52*F52)+(E53*F53)+(E54*F54)+(E55*F55)+(E56*F56)+(E57*F57)+(E58*F58)+(E59*F59)+(E60*F60)+(E61*F61)+(E62*F62)+(E63*F63)+(E64*F64)+(E65*F65)+(E66*F66)+(E67*F67)+(E68*F68)+(E69*F69)+(E70*F70)+(E71*F71)+(E72*F72)+(E73*F73)+(E74*F74)+(E75*F75)+(E76*F76)+(E77*F77)+(E78*F78)+(E79*F79)+(E80*F80)+(E81*F81)+(E82*F82)+(E83*F83)+(E84*F84)+(E85*F85)+(E86*F86)+(E87*F87)+(E88*F88)+(E89*F89)+(E90*F90)+(E91*F91)+(E92*F92)+(E93*F93)+(E94*F94)+(E95*F95)+(E96*F96)+(E97*F97)+(E98*F98)+(E99*F99)+(E100*F100)+(E101*F101)+(E102*F102)+(E103*F103)+(E104*F104)+(E105*F105) -> #VALUE!
A29: FALSE | B29: #0515 | C29: Richmond | D29: Annual & Winter | E29: 20 | F29: 2 | G29: FA, WA, EX, EM, BF | H29: Yes | I29: Yes | J29: DEC 8-10TH/25 | K29: TRUE | L29: TRUE | M29: TRUE | N29: TRUE | O29: TRUE
A30: FALSE | B30: #0522 | C30: Burnaby | D30: Annual | E30: 16 | F30: 2 | G30: FA, WA, EX, EM | H30: No | I30: Yes | J30: DEC 12 & 15 2025 | K30: TRUE | L30: TRUE | M30: TRUE | N30: TRUE | O30: TRUE | R30: TOTAL AVAILABLE LABOUR HOURS IN THE MONTH | U30: 685 | W30: Based on 4 Techs in the field. Derived by (days of month divided by 7 then times by 5) x (number of techs times by 8)
A31: FALSE | B31: #0523 | C31: Vancouver | D31: Annual & Winter | E31: 6 | F31: 2 | G31: FA, WA, EX, EM, BF | H31: Yes | I31: No | J31: 45985 | K31: TRUE | L31: TRUE | M31: TRUE | N31: TRUE | O31: FALSE
A32: FALSE | B32: #0533 | C32: Vancouver | D32: Annual & Winter | E32: 8 | F32: 2 | G32: FA, WA, EX, EM, BF | H32: Yes | I32: Yes | J32: 46044 | K32: TRUE | L32: TRUE | M32: TRUE | N32: TRUE | O32: TRUE | R32: REMAINING LABOUR HRS | T32: =U30-S28 -> #VALUE! | W32: Account for Winter service hours
A33: FALSE | B33: #0570 | C33: Vancouver | D33: Annual & Winter | E33: 8 | F33: 2 | G33: FA, WA, EX, EM, BF | H33: Yes | I33: Yes | J33: CANCELLED | K33: FALSE | L33: FALSE | M33: FALSE | N33: FALSE | O33: FALSE | P33: CLOSED
A34: FALSE | B34: #0575 | C34: Vancouver | D34: Annual | E34: 1 | F34: 1 | G34: EX, EM | H34: No | I34: No | J34: Moved to July | K34: FALSE | L34: FALSE | M34: FALSE | N34: FALSE | O34: FALSE | Q34: renegotiating a new lease with the landlord, may not req. inspection
A35: FALSE | B35: #0623 | C35: Surrey | D35: Annual | E35: 1 | F35: 1 | G35: EX, EM | H35: No | I35: No | J35: DEc 22/ 25 | K35: TRUE | L35: TRUE | M35: TRUE | N35: TRUE | O35: TRUE
A36: FALSE | B36: #0629 | C36: Vancouver | D36: Annual & Winter | E36: 12 | F36: 2 | G36: FA, WA, EX, EM, BF | H36: Yes | I36: Yes | J36: CANCELLED | K36: TRUE | L36: TRUE | M36: TRUE | N36: TRUE | O36: TRUE | P36: CLOSED
A37: FALSE | B37: #0629-1 | C37: Vancouver | D37: Annual | E37: 0.5 | F37: 1 | G37: EX | H37: No | I37: No | J37: CANCELLED | K37: FALSE | L37: FALSE | M37: FALSE | N37: FALSE | O37: FALSE | Q37: Not scheduled, no access during 5723 collingwood annual
A38: FALSE | B38: #0630 | C38: Vancouver | D38: Annual | E38: 1.5 | F38: 1 | G38: EX, EM | H38: No | I38: No | J38: 45988 | K38: TRUE | L38: FALSE | M38: TRUE | N38: TRUE | O38: FALSE
A39: FALSE | B39: #0632 | C39: Vancouver | D39: Annual | G39: FA, WA, EM, BF | H39: No | I39: No | J39: 46002 | K39: TRUE | L39: TRUE | M39: TRUE | N39: TRUE | O39: TRUE
A40: FALSE | B40: #0639 | C40: Coquitlam | D40: Annual | E40: 5 | F40: 2 | G40: FA, WA, EX, EM, BF | H40: No | I40: No | J40: 46020 | K40: TRUE | L40: TRUE | M40: TRUE | N40: TRUE | O40: FALSE
A41: FALSE | B41: #0639-1 | C41: Coquitlam | D41: Annual | J41: 46020 | K41: TRUE | L41: TRUE | M41: TRUE | N41: TRUE | O41: TRUE
A42: FALSE | B42: #0639-2 | C42: Coquitlam | D42: Annual | E42: 1 | F42: 1 | G42: EX, EM | H42: No | I42: No | J42: CLOSED | K42: FALSE | L42: FALSE | M42: FALSE | N42: FALSE | O42: FALSE
A43: FALSE | B43: #0661 | C43: North Vancouver | D43: Monthly & Winter | E43: 3 | F43: 1 | G43: FA, WA, EX, EM | H43: No | I43: Yes | J43: Nov.05/25 | K43: TRUE | L43: FALSE | M43: FALSE | N43: FALSE | O43: FALSE
A44: FALSE | B44: #0673 | C44: Vancouver | D44: Annual | E44: 1 | F44: 1 | G44: EX, EM | H44: No | I44: No | J44: 45986 | K44: TRUE | L44: FALSE | M44: TRUE | N44: TRUE | O44: FALSE
A45: FALSE | B45: #0677 | C45: Vancouver | D45: Winter | E45: 2.5 | F45: 1 | G45: WA | H45: Yes | I45: No | J45: CLOSED | K45: FALSE | L45: FALSE | M45: FALSE | N45: FALSE | O45: FALSE | Q45: Didn't book annual in Sept.
A46: FALSE | B46: #0690 | C46: Vancouver | D46: Annual | E46: 3 | F46: 2 | G46: FA, WA, EX, EM, BF | H46: Yes | I46: No | J46: 45992 | K46: TRUE | L46: TRUE | M46: TRUE | N46: TRUE | O46: TRUE
A47: FALSE | B47: #0719 | C47: Langley | D47: Annual | E47: 2 | F47: 2 | G47: FA, EX, EM | H47: No | I47: No | J47: 46022 | K47: TRUE | L47: TRUE | M47: TRUE | N47: TRUE | O47: TRUE
A48: FALSE | B48: #0744 | C48: Bowen Island | D48: Annual & Hydrant | E48: 8 | F48: 2 | G48: WA, EX, EM, BF | H48: Yes | I48: No | J48: Moved to June | K48: TRUE | L48: TRUE | M48: TRUE | N48: TRUE | O48: TRUE | Q48: moved to June
A49: FALSE | B49: #0745 | C49: Surrey | D49: Annual | E49: 1.5 | F49: 1 | G49: EX, EM | H49: No | I49: No | J49: 45974 | K49: TRUE | L49: FALSE | M49: TRUE | N49: TRUE | O49: FALSE
A50: FALSE | B50: #0783 | C50: Richmond | D50: Annual & Winter | E50: 2.5 days | F50: 2 | G50: FA, WA, EX, EM, BF | H50: No | J50: OCT 29-31, 2025 | K50: TRUE | L50: TRUE | M50: TRUE | N50: TRUE | O50: TRUE
A51: FALSE | B51: #0790 | C51: Vancouver | D51: Annual | J51: moved to august | K51: FALSE | L51: FALSE | M51: FALSE | N51: FALSE | O51: FALSE
A52: FALSE | B52: #0787 | C52: Vancouver | D52: Annual | E52: 2 | F52: 2 | G52: FA, EX, EM | H52: No | I52: No | J52: Moved to March | K52: FALSE | L52: FALSE | M52: FALSE | N52: FALSE | O52: FALSE
A53: FALSE | B53: #0788 | C53: Vancouver | D53: Annual | E53: 1 | F53: 2 | G53: FA, EX, EM | H53: No | I53: No | K53: FALSE | L53: FALSE | M53: FALSE | N53: FALSE | O53: FALSE
A54: FALSE | B54: #0061 | C54: Vancouver | D54: Winter | J54: 45974 | K54: TRUE | L54: FALSE | M54: FALSE | N54: FALSE | O54: FALSE
A55: TRUE | B55: #0808 | C55: Vancouver | D55: Annual & WINTER | E55: 3 DAYS | F55: 2 | G55: FA, WA, EX, EM, BF | H55: YES | I55: YES | J55: NOV 17-19, 2025 | K55: TRUE | L55: TRUE | M55: TRUE | N55: TRUE | O55: FALSE
A56: FALSE | B56: #0772 | C56: Vancouver | D56: ANNUAL | G56: FA, WA, EX, EM | J56: 45966 | K56: TRUE | L56: TRUE | M56: TRUE | N56: TRUE | O56: TRUE
E58: =SUM(E2:E56) -> 199.5

Sheet DEC
D1: DECEMBER | K1: TECH REPORTS
A2: ANNUAL AGREEMENT SIGNED? | B2: FILE # | C2: CITY | D2: SERVICE TYPE | E2: # OF HRS REQ | F2: # OF TECHS | G2: STAMP/S REQ | H2: CONTRACTOR | I2: KEYS | J2: LAST COMPLETED | K2: REPORT IN EMAIL | L2: REPAIRS NEEDED | M2: REPORT COMPLETE | N2: ANNUAL REPORT SENT | O2: ASA Sent | Q2: STAMP | R2: DEFINITION
A3: FALSE | B3: #0015 | C3: Surrey | D3: Annual | E3: 3 | F3: 2 | G3: FA, EX, EM | H3: No | I3: No | J3: 46014 | K3: TRUE | L3: TRUE | M3: TRUE | N3: TRUE | O3: TRUE | Q3: FA | R3: Fire Alarm
A4: FALSE | B4: #0052 | C4: Vancouver | D4: Annual | E4: 1 | F4: 1 | G4: EX | H4: No | I4: No | J4: 45988 | K4: TRUE | L4: TRUE | M4: TRUE | N4: TRUE | O4: TRUE | Q4: WA | R4: Sprinkler
A5: FALSE | B5: #0060 | C5: Vancouver | D5: Backflow | E5: 1.5 | F5: 1 | G5: BF | H5: Yes | I5: Yes | J5: 45995 | K5: TRUE | L5: TRUE | M5: TRUE | N5: TRUE | O5: FALSE | Q5: EX | R5: Fire Extinguisher
A6: FALSE | B6: #0080 | C6: Richmond | D6: Annual | E6: 1 | F6: 1 | G6: EX, EM | H6: No | I6: No | J6: 46000 | K6: TRUE | L6: TRUE | M6: TRUE | N6: TRUE | O6: TRUE | Q6: EM | R6: Emergency Lights
Q7: BF | R7: Backflow
A8: FALSE | B8: #0163 | C8: Vancouver | D8: Annual | E8: 2.5 | F8: 2 | G8: FA, EX, EM | H8: No | I8: No | J8: 46022 | K8: TRUE | L8: TRUE | M8: TRUE | N8: TRUE | O8: TRUE | Q8: SM | R8: Smoke Control
A9: FALSE | B9: #0183 | C9: Vancouver | D9: Annual & Winter | E9: 3.5 | F9: 2 | G9: FA, WA, EX, EM | H9: No | I9: Yes | J9: 46041 | K9: TRUE | L9: TRUE | M9: TRUE | N9: TRUE | O9: TRUE
A10: TRUE | B10: #0191 | C10: Port Coquitlam | D10: Annual | E10: 5 | F10: 2 | G10: FA, WA, EX, EM, BF | H10: No | I10: No | J10: 46014 | K10: TRUE | L10: TRUE | M10: TRUE | N10: TRUE | O10: TRUE
A11: FALSE | B11: #0203 | C11: Vancouver | D11: Annual | E11: 2.5 | F11: 2 | G11: FA, EX, EM | H11: No | I11: Yes | J11: Jan.06/25 | K11: TRUE | L11: TRUE | M11: TRUE | N11: TRUE | O11: TRUE | Q11: #0203 - 2024 annual schedule for early Dec, 2024 as a new FA panel was replaced on Dec 27, 2023 (still under warranty). LM
A12: FALSE | K12: FALSE | L12: FALSE | M12: FALSE | N12: FALSE | O12: FALSE
A13: FALSE | B13: #0271 | C13: Vancouver | D13: Kitchen | E13: 1 | F13: 1 | G13: FA | H13: Yes | I13: Yes | J13: Dec.16/24 | K13: FALSE | L13: FALSE | M13: FALSE | N13: FALSE | O13: FALSE | Q13: TECH | R13: STAMPS HELD
A14: FALSE | B14: #0301 | C14: Vancouver | D14: Kitchen | E14: 1 | F14: 1 | G14: FA | H14: Yes | I14: Yes | J14: 46028 | K14: TRUE | L14: FALSE | M14: FALSE | N14: FALSE | O14: FALSE | Q14: RS | R14: FA, WA, EX, EM
A15: FALSE | B15: #0311 | C15: Vancouver | D15: Annual & Winter | E15: 5 | F15: 2 | G15: FA, WA, EX, EM, BF | H15: No | I15: No | J15: CLOSED ACC | K15: FALSE | L15: FALSE | M15: FALSE | N15: FALSE | O15: FALSE | Q15: CG | R15: FA, WA, EX, EM, BF, SM
A16: FALSE | B16: #0313 | C16: Richmond | D16: Annual & Winter | E16: 8 | F16: 2 | G16: FA, WA, EX, EM, BF | H16: No | I16: No | J16: 46010 | K16: TRUE | L16: TRUE | M16: TRUE | N16: TRUE | O16: TRUE | Q16: CY | R16: FA, WA, EX, EM
A17: FALSE | B17: #0323 | C17: Vancouver | D17: Quarterly, Kitchens, Inspection + Repairs | E17: 4 | F17: 1 | G17: FA, WA, EX, EM | H17: Yes | I17: Yes | J17: 46036 | K17: TRUE | L17: FALSE | M17: FALSE | N17: FALSE | O17: FALSE | Q17: MV | R17: FA, WA, EX, EM, BF & FITTER
A18: FALSE | B18: #0349 | C18: Vancouver | D18: Kitchen - Great West only) | H18: Yes | I18: No | J18: March & Sept | K18: FALSE | L18: FALSE | M18: FALSE | N18: FALSE | O18: FALSE | Q18: PM | R18: FA, WA, EX, EM
A19: FALSE | B19: #0357 | C19: Vancouver | D19: Kitchen | E19: 1 | F19: 1 | G19: FA | H19: Yes | I19: No | J19: Dec.27/24 | K19: FALSE | L19: FALSE | M19: FALSE | N19: FALSE | O19: FALSE | Q19: RD | R19: TRAINEE
A20: FALSE | B20: #0369 | C20: Vancouver | D20: Annual & Winter | E20: 7 | F20: 2 | G20: FA, WA, EX | H20: Yes | I20: Yes | J20: 45995 | K20: TRUE | L20: TRUE | M20: TRUE | N20: TRUE | O20: TRUE
A21: FALSE | B21: #0422 | C21: Vancouver | D21: Suppression | E21: 1 | F21: 1 | G21: FA | H21: Yes | I21: No | J21: Jan.30/25 | K21: TRUE | L21: TRUE | M21: TRUE | N21: TRUE | O21: TRUE | Q21: GW | R21: FA, WA, EX, EM
A22: FALSE | B22: #0447 | C22: Vancouver | D22: Kitchen (Erin to book) | E22: 1 | F22: 1 | G22: FA | H22: Yes | I22: Yes | J22: 46013 | K22: FALSE | L22: FALSE | M22: FALSE | N22: FALSE | O22: FALSE
A23: FALSE | B23: #0458 | C23: Richmond | D23: Annual | E23: 1.5 | F23: 1 | H23: No | I23: No | J23: 46000 | K23: TRUE | L23: TRUE | M23: TRUE | N23: TRUE | O23: TRUE
A24: FALSE | B24: #0469 | D24: Annual | E24: 1 | F24: 1 | J24: 46013 | K24: TRUE | L24: FALSE | M24: TRUE | N24: TRUE | O24: FALSE
A25: FALSE | B25: #0492 | C25: Vancouver | D25: Annual | E25: 1 | F25: 1 | G25: EX, EM | H25: No | I25: No | J25: Cancelled | K25: FALSE | L25: FALSE | M25: FALSE | N25: FALSE | O25: FALSE
A26: FALSE | B26: #0526 | C26: New Westminster | D26: Annual | E26: 1 | F26: 1 | G26: EX, EM | H26: No | I26: No | J26: CLOSED ACC | K26: FALSE | L26: FALSE | M26: FALSE | N26: FALSE | O26: FALSE | Q26: COLOUR CODE | U26: Responsibility
A27: FALSE | B27: #0530 | C27: Vancouver | D27: Annual | E27: 1.5 | F27: 1 | G27: EX, EM | H27: No | I27: No | J27: 46030 | K27: TRUE | L27: FALSE | M27: TRUE | N27: TRUE | O27: FALSE | Q27: DUE | R27: Needs To Be Scheduled | T27: ## | U27: Scheduling Department
A28: FALSE | B28: #0627 | C28: Vancouver | D28: Annual minus DPV | E28: 8 | F28: 2 | G28: FA, EX, EM, BF | H28: Yes | I28: No | J28: 45989 | K28: TRUE | L28: TRUE | M28: TRUE | N28: TRUE | O28: TRUE | Q28: SCHEDULED | R28: Scheduled & Confirmed | T28: ## | U28: Scheduling Department
A29: FALSE | B29: #0635 | C29: Vancouver | D29: Annual & Winter | G29: FA, WA, EX, EM, BF | H29: No | I29: No | J29: 46008 | K29: TRUE | L29: TRUE | M29: TRUE | N29: TRUE | O29: TRUE | Q29: SEMI-COMPLETE | R29: Revisit Required To Complete Service | T29: ## | U29: Invoicing Department
A30: FALSE | B30: #0635-1 | C30: Vancouver | D30: Annual | G30: FA, EX, EM | H30: No | I30: No | J30: 45999 | K30: TRUE | L30: TRUE | M30: TRUE | N30: TRUE | O30: TRUE | Q30: COMPLETE | R30: Service 100% Complete | T30: ## | U30: Invoicing Department
A31: FALSE | B31: #0644 | C31: Burnaby | D31: Annual & Winter | E31: 7 | F31: 2 | G31: FA, WA, EX, EM | H31: Yes | I31: No | J31: 46028 | K31: TRUE | L31: TRUE | M31: TRUE | N31: TRUE | O31: TRUE
A32: FALSE | B32: #0661 | C32: North Vancouver | D32: Monthly | E32: 2 | F32: 1 | G32: FA, WA, EX, EM | H32: No | I32: Yes | J32: Dec.02/25 | K32: TRUE | L32: FALSE | M32: FALSE | N32: FALSE | O32: FALSE
A33: FALSE | B33: #0676 | C33: Vancouver | D33: Annual | E33: 4 | F33: 2 | G33: FA, WA, EX, EM | H33: Yes | I33: Yes | J33: Dec.10/25 | K33: TRUE | L33: TRUE | M33: TRUE | N33: TRUE | O33: FALSE
A34: FALSE | B34: #0714 | C34: Burnaby | D34: Annual | E34: 1.5 | F34: 1 | G34: EX, EM | H34: No | I34: No | J34: 45989 | K34: TRUE | L34: TRUE | M34: TRUE | N34: TRUE | O34: TRUE | Q34: TOTAL LABOUR HOURS: | R34: =(E3*F3)+(E4*F4)+(E5*F5)+(E6*F6)+(OCT!E14*OCT!F14)+(E8*F8)+(E9*F9)+(E13*F13)+(E14*F14)+(E15*F15)+(E16*F16)+(E17*F17)+(E18*F18)+(E19*F19)+(E21*F21)+(E22*F22)+(E23*F23)+(E26*F26)+(E27*F27)+(E28*F28)+(E29*F29)+(E30*F30)+(E31*F31)+(E32*F32)+(E34*F34)+(E35*F35)+(E36*F36)+(E37*F37)+(E38*F38)+(E39*F39)+(E40*F40)+(NOV!E55*NOV!F55)+(E42*F42)+(E43*F43)+(E44*F44)+(E45*F45)+(E46*F46)+(E47*F47)+(E48*F48)+(E49*F49)+(E50*F50)+(E51*F51)+(E52*F52)+(E53*F53)+(E54*F54)+(E55*F55)+(E56*F56)+(E57*F57)+(E58*F58)+(E59*F59)+(E60*F60)+(E61*F61)+(E62*F62)+(E63*F63)+(E64*F64)+(E65*F65)+(E66*F66)+(E67*F67)+(E68*F68)+(E69*F69)+(E70*F70)+(E71*F71)+(E72*F72)+(E73*F73)+(E74*F74)+(E75*F75)+(E76*F76)+(E77*F77)+(E78*F78)+(E79*F79)+(E80*F80)+(E81*F81)+(E82*F82)+(E83*F83)+(E84*F84)+(E85*F85)+(E86*F86)+(E87*F87)+(E88*F88)+(E89*F89)+(E90*F90)+(E91*F91)+(E92*F92)+(E93*F93)+(E94*F94)+(E95*F95)+(E96*F96)+(E97*F97)+(E98*F98)+(E99*F99)+(E100*F100)+(E101*F101)+(E102*F102)+(E103*F103)+(E104*F104)+(E105*F105)+(E106*F106)+(E107*F107) -> #VALUE!
A35: FALSE | B35: #0720 | C35: Vancouver | D35: Annual | E35: 4 | F35: 2 | G35: FA, EX, EM | H35: No | I35: No | J35: Cancelled | K35: FALSE | L35: FALSE | M35: FALSE | N35: FALSE | O35: FALSE
A36: FALSE | B36: #0721 | C36: Vancouver | D36: Annual | E36: 4 | F36: 2 | G36: FA, EX, EM | H36: No | I36: No | J36: 46030 | K36: TRUE | L36: FALSE | M36: FALSE | N36: FALSE | O36: FALSE | Q36: TOTAL AVAILABLE LABOUR HOURS IN THE MONTH | T36: 580 | V36: Based on 4 Techs in the field. Derived by (days of month divided by 7 then times by 5) x (number of techs times by 8)
A37: FALSE | B37: #0759 | C37: Vancouver | D37: Annual & Winter | E37: 7 | F37: 2 | G37: FA, EX, EM, BF, WA | H37: No | I37: No | J37: DECLINED | K37: FALSE | L37: FALSE | M37: FALSE | N37: FALSE | O37: FALSE
A38: FALSE | B38: #0782 | C38: Richmond | D38: Annual | J38: Dec 1-3, 2025 | K38: TRUE | L38: TRUE | M38: TRUE | N38: TRUE | O38: TRUE | Q38: REMAINING LABOUR HRS | S38: =T36-R34 -> #VALUE!
A39: FALSE | B39: #0791 | C39: Vancouver | D39: Annual | E39: 2.5 | F39: 2 | G39: WA, EX, BF | H39: No | I39: No | J39: CLOSED ACC | K39: TRUE | L39: TRUE | M39: TRUE | N39: TRUE | O39: TRUE
A40: FALSE | B40: #0387 | C40: Vancouver | D40: Annual | E40: 2 | F40: 2 | G40: FA, EX, EM | H40: No | I40: No | J40: 46027 | K40: TRUE | L40: FALSE | M40: FALSE | N40: FALSE | O40: FALSE
A41: TRUE | B41: #0815 | C41: Vancouver | D41: Annual | E41: 1 | F41: 1 | G41: EX, EL, BF | H41: No | I41: No | J41: 46007 | K41: TRUE | L41: FALSE | M41: TRUE | N41: TRUE | O41: FALSE
A42: FALSE | B42: #0813 | C42: Vancouver | D42: Annual | E42: 2 | F42: 1 | G42: EX, EL | H42: No | I42: No | J42: 46013 | K42: TRUE | L42: TRUE | M42: TRUE | N42: TRUE | O42: TRUE
A43: FALSE | B43: #0814 | C43: Vancouver | D43: Annual | E43: 2 | F43: 1 | G43: EX, EL | H43: No | I43: No | J43: 46007 | K43: TRUE | L43: TRUE | M43: TRUE | N43: TRUE | O43: FALSE
E45: =SUM(E3:E43) -> 102
